timestamp,actual,predicted
2024-10-14 02:00:00+02:00,39.98,39.736706
2024-10-14 03:00:00+02:00,41.11,41.978424
2024-10-14 04:00:00+02:00,51.54,52.733185
2024-10-14 05:00:00+02:00,67.85,67.549904
2024-10-14 06:00:00+02:00,99.38,84.240585
2024-10-14 07:00:00+02:00,145.07,97.744255
2024-10-14 08:00:00+02:00,138.28,126.15249
2024-10-14 09:00:00+02:00,99.96,100.52306
2024-10-14 10:00:00+02:00,90.48,85.23728
2024-10-14 11:00:00+02:00,80.1,83.8002
2024-10-14 12:00:00+02:00,70.96,78.5962
2024-10-14 13:00:00+02:00,63.92,77.097946
2024-10-14 14:00:00+02:00,75.37,75.570656
2024-10-14 15:00:00+02:00,79.94,82.13869
2024-10-14 16:00:00+02:00,107.09,86.83625
2024-10-14 17:00:00+02:00,143.03,120.64205
2024-10-14 18:00:00+02:00,149.95,124.842606
2024-10-14 19:00:00+02:00,149.97,143.31491
2024-10-14 20:00:00+02:00,134.37,149.09102
2024-10-14 21:00:00+02:00,108.59,137.46996
2024-10-14 22:00:00+02:00,100.85,120.35987
2024-10-14 23:00:00+02:00,100.88,114.67855
2024-10-15 00:00:00+02:00,90.16,115.707184
2024-10-15 01:00:00+02:00,80.07,102.33227
2024-10-15 02:00:00+02:00,76.48,94.52358
2024-10-15 03:00:00+02:00,70.77,89.4453
2024-10-15 04:00:00+02:00,72.08,88.316246
2024-10-15 05:00:00+02:00,84.34,89.26431
2024-10-15 06:00:00+02:00,125.19,95.98472
2024-10-15 07:00:00+02:00,155.09,120.76939
2024-10-15 08:00:00+02:00,160.08,129.3024
2024-10-15 09:00:00+02:00,101.06,108.864365
2024-10-15 10:00:00+02:00,83.22,88.0864
2024-10-15 11:00:00+02:00,73.65,73.57569
2024-10-15 12:00:00+02:00,69.82,69.04268
2024-10-15 13:00:00+02:00,64.05,68.47295
2024-10-15 14:00:00+02:00,64.09,69.665665
2024-10-15 15:00:00+02:00,73.59,73.117546
2024-10-15 16:00:00+02:00,92.22,94.68768
2024-10-15 17:00:00+02:00,125.19,120.77978
2024-10-15 18:00:00+02:00,177.39,141.16425
2024-10-15 19:00:00+02:00,195.02,165.03633
2024-10-15 20:00:00+02:00,139.13,162.49913
2024-10-15 21:00:00+02:00,99.91,119.603035
2024-10-15 22:00:00+02:00,88.0,97.86153
2024-10-15 23:00:00+02:00,87.08,93.07767
2024-10-16 00:00:00+02:00,39.77,92.40945
2024-10-16 01:00:00+02:00,27.61,59.083515
2024-10-16 02:00:00+02:00,22.05,56.67192
2024-10-16 03:00:00+02:00,19.78,53.934605
2024-10-16 04:00:00+02:00,20.42,51.8361
2024-10-16 05:00:00+02:00,35.3,50.232327
2024-10-16 06:00:00+02:00,71.05,59.635925
2024-10-16 07:00:00+02:00,95.62,91.397156
2024-10-16 08:00:00+02:00,79.26,85.48391
2024-10-16 09:00:00+02:00,43.65,59.077843
2024-10-16 10:00:00+02:00,30.16,31.36585
2024-10-16 11:00:00+02:00,19.03,35.977184
2024-10-16 12:00:00+02:00,15.01,34.98804
2024-10-16 13:00:00+02:00,13.56,37.178883
2024-10-16 14:00:00+02:00,19.01,38.067886
2024-10-16 15:00:00+02:00,27.17,42.50663
2024-10-16 16:00:00+02:00,59.49,41.99301
2024-10-16 17:00:00+02:00,99.91,92.48989
2024-10-16 18:00:00+02:00,135.07,127.23854
2024-10-16 19:00:00+02:00,139.11,143.68336
2024-10-16 20:00:00+02:00,95.41,133.17146
2024-10-16 21:00:00+02:00,71.24,86.67317
2024-10-16 22:00:00+02:00,63.3,72.200356
2024-10-16 23:00:00+02:00,51.42,66.58109
2024-10-17 00:00:00+02:00,34.06,60.19583
2024-10-17 01:00:00+02:00,20.07,48.737934
2024-10-17 02:00:00+02:00,13.05,48.175262
2024-10-17 03:00:00+02:00,11.09,48.716557
2024-10-17 04:00:00+02:00,11.06,53.032757
2024-10-17 05:00:00+02:00,34.51,39.631496
2024-10-17 06:00:00+02:00,76.69,47.667896
2024-10-17 07:00:00+02:00,99.99,96.15339
2024-10-17 08:00:00+02:00,90.85,97.965775
2024-10-17 09:00:00+02:00,68.0,75.59639
2024-10-17 10:00:00+02:00,52.02,52.425568
2024-10-17 11:00:00+02:00,41.12,49.064533
2024-10-17 12:00:00+02:00,34.0,47.684532
2024-10-17 13:00:00+02:00,34.04,47.311382
2024-10-17 14:00:00+02:00,48.88,48.549248
2024-10-17 15:00:00+02:00,72.03,59.04365
2024-10-17 16:00:00+02:00,83.99,79.41444
2024-10-17 17:00:00+02:00,117.14,106.79414
2024-10-17 18:00:00+02:00,146.96,134.61414
2024-10-17 19:00:00+02:00,153.66,148.97751
2024-10-17 20:00:00+02:00,110.27,141.74365
2024-10-17 21:00:00+02:00,90.68,94.59765
2024-10-17 22:00:00+02:00,78.68,88.175316
2024-10-17 23:00:00+02:00,74.05,79.94215
2024-10-18 00:00:00+02:00,76.27,77.86461
2024-10-18 01:00:00+02:00,63.8,72.20623
2024-10-18 02:00:00+02:00,62.86,67.79439
2024-10-18 03:00:00+02:00,62.87,73.11778
2024-10-18 04:00:00+02:00,63.05,77.49536
2024-10-18 05:00:00+02:00,76.14,75.46352
2024-10-18 06:00:00+02:00,99.99,84.489944
2024-10-18 07:00:00+02:00,146.13,101.638405
2024-10-18 08:00:00+02:00,121.62,132.25053
2024-10-18 09:00:00+02:00,97.65,93.80271
2024-10-18 10:00:00+02:00,69.75,78.51314
2024-10-18 11:00:00+02:00,62.65,65.20794
2024-10-18 12:00:00+02:00,56.06,62.505424
2024-10-18 13:00:00+02:00,55.56,61.478344
2024-10-18 14:00:00+02:00,55.77,64.295654
2024-10-18 15:00:00+02:00,69.95,73.24007
2024-10-18 16:00:00+02:00,97.42,99.67181
2024-10-18 17:00:00+02:00,111.91,115.96208
2024-10-18 18:00:00+02:00,152.7,132.33524
2024-10-18 19:00:00+02:00,159.02,153.38216
2024-10-18 20:00:00+02:00,109.17,146.70416
2024-10-18 21:00:00+02:00,97.06,99.17384
2024-10-18 22:00:00+02:00,85.02,96.71106
2024-10-18 23:00:00+02:00,77.02,88.09179
2024-10-19 00:00:00+02:00,83.84,82.82381
2024-10-19 01:00:00+02:00,76.59,83.7676
2024-10-19 02:00:00+02:00,70.73,84.93921
2024-10-19 03:00:00+02:00,68.03,85.659424
2024-10-19 04:00:00+02:00,66.23,85.81626
2024-10-19 05:00:00+02:00,69.51,72.675186
2024-10-19 06:00:00+02:00,76.74,65.457825
2024-10-19 07:00:00+02:00,92.03,79.12203
2024-10-19 08:00:00+02:00,90.46,91.31534
2024-10-19 09:00:00+02:00,76.9,75.36537
2024-10-19 10:00:00+02:00,55.4,56.28042
2024-10-19 11:00:00+02:00,48.5,47.633015
2024-10-19 12:00:00+02:00,34.91,45.34866
2024-10-19 13:00:00+02:00,32.08,41.69924
2024-10-19 14:00:00+02:00,37.86,42.554573
2024-10-19 15:00:00+02:00,68.03,49.395725
2024-10-19 16:00:00+02:00,93.02,78.16167
2024-10-19 17:00:00+02:00,105.01,92.570885
2024-10-19 18:00:00+02:00,132.48,98.835464
2024-10-19 19:00:00+02:00,125.25,101.61274
2024-10-19 20:00:00+02:00,100.0,96.652824
2024-10-19 21:00:00+02:00,83.63,75.04985
2024-10-19 22:00:00+02:00,73.43,67.74008
2024-10-19 23:00:00+02:00,62.59,60.48696
2024-10-20 00:00:00+02:00,63.76,49.357975
2024-10-20 01:00:00+02:00,51.65,48.424004
2024-10-20 02:00:00+02:00,43.44,45.68411
2024-10-20 03:00:00+02:00,43.57,49.11657
2024-10-20 04:00:00+02:00,55.04,55.130817
2024-10-20 05:00:00+02:00,55.08,63.33569
2024-10-20 06:00:00+02:00,61.92,62.072662
2024-10-20 07:00:00+02:00,68.92,64.255
2024-10-20 08:00:00+02:00,65.91,71.71096
2024-10-20 09:00:00+02:00,39.75,56.6619
2024-10-20 10:00:00+02:00,23.11,44.06222
2024-10-20 11:00:00+02:00,17.91,41.2246
2024-10-20 12:00:00+02:00,14.9,40.13816
2024-10-20 13:00:00+02:00,7.1,39.017227
2024-10-20 14:00:00+02:00,4.92,33.64051
2024-10-20 15:00:00+02:00,11.7,31.474407
2024-10-20 16:00:00+02:00,50.06,30.97772
2024-10-20 17:00:00+02:00,90.07,68.05527
2024-10-20 18:00:00+02:00,100.0,102.10049
2024-10-20 19:00:00+02:00,102.06,109.11711
2024-10-20 20:00:00+02:00,80.08,98.50342
2024-10-20 21:00:00+02:00,65.08,64.36514
2024-10-20 22:00:00+02:00,55.08,49.88224
2024-10-20 23:00:00+02:00,43.1,41.489906
2024-10-21 00:00:00+02:00,27.07,34.43408
2024-10-21 01:00:00+02:00,20.94,28.988352
2024-10-21 02:00:00+02:00,20.8,23.054808
2024-10-21 03:00:00+02:00,20.31,24.312357
2024-10-21 04:00:00+02:00,27.01,25.61575
2024-10-21 05:00:00+02:00,41.47,37.52828
2024-10-21 06:00:00+02:00,90.24,54.095554
2024-10-21 07:00:00+02:00,115.02,97.90289
2024-10-21 08:00:00+02:00,100.82,104.16413
2024-10-21 09:00:00+02:00,77.25,86.08265
2024-10-21 10:00:00+02:00,76.66,68.87296
2024-10-21 11:00:00+02:00,69.1,74.11962
2024-10-21 12:00:00+02:00,55.65,67.647736
2024-10-21 13:00:00+02:00,55.97,60.46897
2024-10-21 14:00:00+02:00,62.5,65.09471
2024-10-21 15:00:00+02:00,83.98,72.50565
2024-10-21 16:00:00+02:00,99.99,84.890625
2024-10-21 17:00:00+02:00,123.09,96.82994
2024-10-21 18:00:00+02:00,151.87,125.748436
2024-10-21 19:00:00+02:00,160.73,143.03163
2024-10-21 20:00:00+02:00,139.29,145.64708
2024-10-21 21:00:00+02:00,104.42,126.66956
2024-10-21 22:00:00+02:00,98.76,109.713165
2024-10-21 23:00:00+02:00,90.11,107.2009
2024-10-22 00:00:00+02:00,92.04,100.17174
2024-10-22 01:00:00+02:00,86.0,93.73623
2024-10-22 02:00:00+02:00,83.07,90.73222
2024-10-22 03:00:00+02:00,76.96,84.12217
2024-10-22 04:00:00+02:00,80.04,82.077194
2024-10-22 05:00:00+02:00,90.98,84.42868
2024-10-22 06:00:00+02:00,118.84,91.51676
2024-10-22 07:00:00+02:00,154.8,115.34648
2024-10-22 08:00:00+02:00,140.01,128.05605
2024-10-22 09:00:00+02:00,111.29,103.6054
2024-10-22 10:00:00+02:00,89.04,82.550156
2024-10-22 11:00:00+02:00,65.01,76.676216
2024-10-22 12:00:00+02:00,62.8,67.47048
2024-10-22 13:00:00+02:00,62.51,66.95557
2024-10-22 14:00:00+02:00,63.11,69.62152
2024-10-22 15:00:00+02:00,83.13,70.72981
2024-10-22 16:00:00+02:00,115.0,87.9934
2024-10-22 17:00:00+02:00,160.35,128.42496
2024-10-22 18:00:00+02:00,174.48,150.64328
2024-10-22 19:00:00+02:00,174.43,158.86026
2024-10-22 20:00:00+02:00,148.34,152.24231
2024-10-22 21:00:00+02:00,107.29,133.81061
2024-10-22 22:00:00+02:00,99.63,113.80238
2024-10-22 23:00:00+02:00,94.01,110.97182
2024-10-23 00:00:00+02:00,96.53,104.1591
2024-10-23 01:00:00+02:00,90.42,92.66684
2024-10-23 02:00:00+02:00,90.07,91.05099
2024-10-23 03:00:00+02:00,90.33,98.67415
2024-10-23 04:00:00+02:00,90.27,103.276184
2024-10-23 05:00:00+02:00,97.41,106.33663
2024-10-23 06:00:00+02:00,111.87,114.100624
2024-10-23 07:00:00+02:00,155.04,128.11783
2024-10-23 08:00:00+02:00,165.03,144.2068
2024-10-23 09:00:00+02:00,111.06,140.10954
2024-10-23 10:00:00+02:00,85.01,99.63005
2024-10-23 11:00:00+02:00,69.87,92.27818
2024-10-23 12:00:00+02:00,69.46,83.4944
2024-10-23 13:00:00+02:00,76.67,91.90988
2024-10-23 14:00:00+02:00,80.01,99.52948
2024-10-23 15:00:00+02:00,91.05,96.66327
2024-10-23 16:00:00+02:00,111.84,116.83758
2024-10-23 17:00:00+02:00,157.25,136.52075
2024-10-23 18:00:00+02:00,188.69,163.48592
2024-10-23 19:00:00+02:00,190.04,169.38692
2024-10-23 20:00:00+02:00,139.68,161.73619
2024-10-23 21:00:00+02:00,104.27,122.20818
2024-10-23 22:00:00+02:00,100.0,101.11549
2024-10-23 23:00:00+02:00,97.05,103.95791
2024-10-24 00:00:00+02:00,90.41,100.04249
2024-10-24 01:00:00+02:00,85.94,91.540764
2024-10-24 02:00:00+02:00,83.95,91.46657
2024-10-24 03:00:00+02:00,83.1,96.130005
2024-10-24 04:00:00+02:00,84.08,99.28637
2024-10-24 05:00:00+02:00,91.99,102.913025
2024-10-24 06:00:00+02:00,104.96,112.214584
2024-10-24 07:00:00+02:00,153.11,124.00474
2024-10-24 08:00:00+02:00,160.6,146.07288
2024-10-24 09:00:00+02:00,110.08,140.53462
2024-10-24 10:00:00+02:00,95.06,96.980255
2024-10-24 11:00:00+02:00,80.01,94.7445
2024-10-24 12:00:00+02:00,80.0,86.96341
2024-10-24 13:00:00+02:00,80.0,97.17468
2024-10-24 14:00:00+02:00,80.0,94.139656
2024-10-24 15:00:00+02:00,94.1,97.727196
2024-10-24 16:00:00+02:00,109.99,118.53624
2024-10-24 17:00:00+02:00,137.6,133.71237
2024-10-24 18:00:00+02:00,158.14,156.22076
2024-10-24 19:00:00+02:00,160.65,159.28334
2024-10-24 20:00:00+02:00,132.06,149.73491
2024-10-24 21:00:00+02:00,104.65,117.79661
2024-10-24 22:00:00+02:00,99.99,99.83134
2024-10-24 23:00:00+02:00,96.06,101.18643
2024-10-25 00:00:00+02:00,93.54,98.245865
2024-10-25 01:00:00+02:00,88.05,94.139496
2024-10-25 02:00:00+02:00,85.03,91.9084
2024-10-25 03:00:00+02:00,85.05,96.26169
2024-10-25 04:00:00+02:00,86.74,99.970695
2024-10-25 05:00:00+02:00,96.0,103.21525
2024-10-25 06:00:00+02:00,115.83,111.880745
2024-10-25 07:00:00+02:00,143.24,124.9079
2024-10-25 08:00:00+02:00,155.95,139.27011
2024-10-25 09:00:00+02:00,115.76,133.98639
2024-10-25 10:00:00+02:00,126.43,104.5341
2024-10-25 11:00:00+02:00,111.04,85.84447
2024-10-25 12:00:00+02:00,102.83,79.424
2024-10-25 13:00:00+02:00,85.39,80.1667
2024-10-25 14:00:00+02:00,95.83,93.78871
2024-10-25 15:00:00+02:00,111.97,108.48146
2024-10-25 16:00:00+02:00,111.81,124.49724
2024-10-25 17:00:00+02:00,129.42,131.94818
2024-10-25 18:00:00+02:00,163.65,147.90637
2024-10-25 19:00:00+02:00,167.87,158.79794
2024-10-25 20:00:00+02:00,140.03,149.35803
2024-10-25 21:00:00+02:00,111.05,119.81134
2024-10-25 22:00:00+02:00,99.99,103.719444
2024-10-25 23:00:00+02:00,103.62,100.094055
2024-10-26 00:00:00+02:00,105.0,104.19246
2024-10-26 01:00:00+02:00,97.23,101.84789
2024-10-26 02:00:00+02:00,91.25,96.58149
2024-10-26 03:00:00+02:00,90.33,98.61896
2024-10-26 04:00:00+02:00,90.11,103.445755
2024-10-26 05:00:00+02:00,92.48,105.74708
2024-10-26 06:00:00+02:00,104.36,98.358864
2024-10-26 07:00:00+02:00,116.79,101.20982
2024-10-26 08:00:00+02:00,117.92,109.30925
2024-10-26 09:00:00+02:00,76.72,102.85686
2024-10-26 10:00:00+02:00,111.93,61.165066
2024-10-26 11:00:00+02:00,96.38,94.81354
2024-10-26 12:00:00+02:00,90.57,74.71141
2024-10-26 13:00:00+02:00,44.08,79.032555
2024-10-26 14:00:00+02:00,47.28,50.678474
2024-10-26 15:00:00+02:00,97.02,61.40565
2024-10-26 16:00:00+02:00,97.07,99.595406
2024-10-26 17:00:00+02:00,125.09,103.233955
2024-10-26 18:00:00+02:00,154.49,113.84266
2024-10-26 19:00:00+02:00,153.97,117.91516
2024-10-26 20:00:00+02:00,125.6,112.158356
2024-10-26 21:00:00+02:00,104.69,98.39225
2024-10-26 22:00:00+02:00,96.77,89.051605
2024-10-26 23:00:00+02:00,87.08,86.597595
2024-10-27 00:00:00+02:00,79.04,79.95621
2024-10-27 01:00:00+02:00,75.11,72.42742
2024-10-27 02:00:00+02:00,71.07,70.355255
2024-10-27 02:00:00+01:00,71.06,70.76822
2024-10-27 03:00:00+01:00,71.67,74.02515
2024-10-27 04:00:00+01:00,74.04,77.15779
2024-10-27 05:00:00+01:00,75.75,79.98608
2024-10-27 06:00:00+01:00,76.04,82.65218
2024-10-27 07:00:00+01:00,79.4,82.67887
2024-10-27 08:00:00+01:00,67.8,78.634224
2024-10-27 09:00:00+01:00,59.48,58.264996
2024-10-27 10:00:00+01:00,99.91,56.159077
2024-10-27 11:00:00+01:00,99.9,77.580284
2024-10-27 12:00:00+01:00,99.83,77.90702
2024-10-27 13:00:00+01:00,35.1,82.0152
2024-10-27 14:00:00+01:00,95.04,49.585503
2024-10-27 15:00:00+01:00,115.22,100.99646
2024-10-27 16:00:00+01:00,135.15,108.479805
2024-10-27 17:00:00+01:00,132.06,122.71671
2024-10-27 18:00:00+01:00,147.73,117.454865
2024-10-27 19:00:00+01:00,151.66,114.86263
2024-10-27 20:00:00+01:00,139.69,104.55797
2024-10-27 21:00:00+01:00,135.17,97.58576
2024-10-27 22:00:00+01:00,99.97,97.59347
2024-10-27 23:00:00+01:00,87.74,70.89865
2024-10-28 00:00:00+01:00,105.74,68.86163
2024-10-28 01:00:00+01:00,98.96,79.78853
2024-10-28 02:00:00+01:00,90.1,78.08889
2024-10-28 03:00:00+01:00,90.09,84.14099
2024-10-28 04:00:00+01:00,90.1,87.429306
2024-10-28 05:00:00+01:00,97.4,88.787285
2024-10-28 06:00:00+01:00,111.53,96.241936
2024-10-28 07:00:00+01:00,128.26,103.04758
2024-10-28 08:00:00+01:00,125.79,103.99915
2024-10-28 09:00:00+01:00,111.28,96.06408
2024-10-28 10:00:00+01:00,116.96,94.83788
2024-10-28 11:00:00+01:00,111.58,96.95566
2024-10-28 12:00:00+01:00,104.59,94.92026
2024-10-28 13:00:00+01:00,104.63,92.025734
2024-10-28 14:00:00+01:00,111.7,93.814354
2024-10-28 15:00:00+01:00,132.02,107.65953
2024-10-28 16:00:00+01:00,132.37,118.85796
2024-10-28 17:00:00+01:00,161.83,138.49844
2024-10-28 18:00:00+01:00,167.59,156.56612
2024-10-28 19:00:00+01:00,160.32,155.66089
2024-10-28 20:00:00+01:00,132.83,154.084
2024-10-28 21:00:00+01:00,118.39,140.13629
2024-10-28 22:00:00+01:00,111.89,125.33126
2024-10-28 23:00:00+01:00,101.3,114.653786
2024-10-29 00:00:00+01:00,112.81,113.37051
2024-10-29 01:00:00+01:00,104.9,114.14942
2024-10-29 02:00:00+01:00,98.33,108.82822
2024-10-29 03:00:00+01:00,98.01,103.19692
2024-10-29 04:00:00+01:00,101.01,101.45575
2024-10-29 05:00:00+01:00,117.58,101.179
2024-10-29 06:00:00+01:00,134.02,109.153076
2024-10-29 07:00:00+01:00,149.01,117.19198
2024-10-29 08:00:00+01:00,139.65,115.23046
2024-10-29 09:00:00+01:00,126.96,102.222244
2024-10-29 10:00:00+01:00,118.72,93.55401
2024-10-29 11:00:00+01:00,124.04,92.11732
2024-10-29 12:00:00+01:00,118.16,94.08961
2024-10-29 13:00:00+01:00,124.93,94.671425
2024-10-29 14:00:00+01:00,136.31,98.05653
2024-10-29 15:00:00+01:00,125.8,117.4148
2024-10-29 16:00:00+01:00,146.82,130.5917
2024-10-29 17:00:00+01:00,165.02,154.13477
2024-10-29 18:00:00+01:00,175.05,154.38153
2024-10-29 19:00:00+01:00,164.64,159.58592
2024-10-29 20:00:00+01:00,153.07,158.22609
2024-10-29 21:00:00+01:00,130.04,147.86015
2024-10-29 22:00:00+01:00,125.11,131.41664
2024-10-29 23:00:00+01:00,118.54,118.51956
2024-10-30 00:00:00+01:00,111.08,115.320435
2024-10-30 01:00:00+01:00,109.09,110.73805
2024-10-30 02:00:00+01:00,104.05,107.01939
2024-10-30 03:00:00+01:00,104.1,103.887115
2024-10-30 04:00:00+01:00,104.63,102.83141
2024-10-30 05:00:00+01:00,118.19,102.43094
2024-10-30 06:00:00+01:00,132.19,106.29205
2024-10-30 07:00:00+01:00,153.04,115.04871
2024-10-30 08:00:00+01:00,160.05,121.380066
2024-10-30 09:00:00+01:00,139.92,114.95717
2024-10-30 10:00:00+01:00,125.32,97.31098
2024-10-30 11:00:00+01:00,118.6,94.61562
2024-10-30 12:00:00+01:00,111.3,95.0014
2024-10-30 13:00:00+01:00,115.06,94.52244
2024-10-30 14:00:00+01:00,132.31,99.45803
2024-10-30 15:00:00+01:00,160.05,114.177315
2024-10-30 16:00:00+01:00,167.05,144.18842
2024-10-30 17:00:00+01:00,165.05,161.47508
2024-10-30 18:00:00+01:00,160.66,158.7332
2024-10-30 19:00:00+01:00,159.99,156.82259
2024-10-30 20:00:00+01:00,145.04,152.01181
2024-10-30 21:00:00+01:00,125.07,142.72003
2024-10-30 22:00:00+01:00,125.02,122.37199
2024-10-30 23:00:00+01:00,111.33,114.70205
2024-10-31 00:00:00+01:00,97.97,108.97496
2024-10-31 01:00:00+01:00,97.33,103.09206
2024-10-31 02:00:00+01:00,90.7,103.009995
2024-10-31 03:00:00+01:00,90.48,103.23379
2024-10-31 04:00:00+01:00,90.4,102.83703
2024-10-31 05:00:00+01:00,97.67,100.72976
2024-10-31 06:00:00+01:00,114.6,101.0668
2024-10-31 07:00:00+01:00,129.04,108.68882
2024-10-31 08:00:00+01:00,119.08,109.96917
2024-10-31 09:00:00+01:00,104.13,94.09691
2024-10-31 10:00:00+01:00,97.9,82.67175
2024-10-31 11:00:00+01:00,100.01,80.28318
2024-10-31 12:00:00+01:00,97.03,83.94156
2024-10-31 13:00:00+01:00,100.0,83.83955
2024-10-31 14:00:00+01:00,104.34,88.37008
2024-10-31 15:00:00+01:00,125.61,97.055214
2024-10-31 16:00:00+01:00,145.1,126.08033
2024-10-31 17:00:00+01:00,150.0,145.85406
2024-10-31 18:00:00+01:00,167.29,148.93845
2024-10-31 19:00:00+01:00,174.16,150.19724
2024-10-31 20:00:00+01:00,133.05,147.5383
2024-10-31 21:00:00+01:00,126.76,128.1102
2024-10-31 22:00:00+01:00,118.08,123.42368
2024-10-31 23:00:00+01:00,104.95,117.96343
2024-11-01 00:00:00+01:00,75.82,110.50547
2024-11-01 01:00:00+01:00,67.96,82.71269
2024-11-01 02:00:00+01:00,64.93,77.59072
2024-11-01 03:00:00+01:00,64.92,81.79386
2024-11-01 04:00:00+01:00,64.92,86.729294
2024-11-01 05:00:00+01:00,76.1,89.778595
2024-11-01 06:00:00+01:00,99.26,101.41332
2024-11-01 07:00:00+01:00,102.49,118.10852
2024-11-01 08:00:00+01:00,95.05,111.98711
2024-11-01 09:00:00+01:00,59.37,96.59646
2024-11-01 10:00:00+01:00,39.84,65.77985
2024-11-01 11:00:00+01:00,31.93,53.583195
2024-11-01 12:00:00+01:00,31.91,49.83564
2024-11-01 13:00:00+01:00,35.3,49.426926
2024-11-01 14:00:00+01:00,50.91,56.516098
2024-11-01 15:00:00+01:00,89.92,80.87019
2024-11-01 16:00:00+01:00,130.0,114.72878
2024-11-01 17:00:00+01:00,154.92,141.50555
2024-11-01 18:00:00+01:00,159.58,153.07086
2024-11-01 19:00:00+01:00,139.34,147.93762
2024-11-01 20:00:00+01:00,121.05,126.05431
2024-11-01 21:00:00+01:00,104.45,108.58787
2024-11-01 22:00:00+01:00,96.32,98.21405
2024-11-01 23:00:00+01:00,85.58,95.38456
2024-11-02 00:00:00+01:00,90.7,87.622765
2024-11-02 01:00:00+01:00,85.6,87.876144
2024-11-02 02:00:00+01:00,83.54,85.508766
2024-11-02 03:00:00+01:00,83.16,88.2406
2024-11-02 04:00:00+01:00,83.71,90.644714
2024-11-02 05:00:00+01:00,90.61,92.53362
2024-11-02 06:00:00+01:00,98.05,99.674805
2024-11-02 07:00:00+01:00,104.76,104.680756
2024-11-02 08:00:00+01:00,106.03,101.85547
2024-11-02 09:00:00+01:00,97.07,96.47995
2024-11-02 10:00:00+01:00,86.01,90.185
2024-11-02 11:00:00+01:00,83.01,80.76067
2024-11-02 12:00:00+01:00,76.53,85.76742
2024-11-02 13:00:00+01:00,83.01,82.32627
2024-11-02 14:00:00+01:00,90.99,94.43187
2024-11-02 15:00:00+01:00,118.04,110.4343
2024-11-02 16:00:00+01:00,120.0,132.7094
2024-11-02 17:00:00+01:00,150.02,137.33717
2024-11-02 18:00:00+01:00,140.0,149.26018
2024-11-02 19:00:00+01:00,155.03,131.37738
2024-11-02 20:00:00+01:00,125.69,134.78769
2024-11-02 21:00:00+01:00,120.05,104.92179
2024-11-02 22:00:00+01:00,111.19,108.01205
2024-11-02 23:00:00+01:00,103.04,100.48646
2024-11-03 00:00:00+01:00,97.95,97.31849
2024-11-03 01:00:00+01:00,90.9,91.05446
2024-11-03 02:00:00+01:00,83.94,87.84595
2024-11-03 03:00:00+01:00,83.93,87.49082
2024-11-03 04:00:00+01:00,83.94,90.865776
2024-11-03 05:00:00+01:00,83.94,92.39416
2024-11-03 06:00:00+01:00,90.74,96.89931
2024-11-03 07:00:00+01:00,90.89,103.957
2024-11-03 08:00:00+01:00,90.85,101.49867
2024-11-03 09:00:00+01:00,76.72,95.56262
2024-11-03 10:00:00+01:00,61.01,74.59698
2024-11-03 11:00:00+01:00,48.03,69.55671
2024-11-03 12:00:00+01:00,48.01,64.7359
2024-11-03 13:00:00+01:00,52.01,68.995224
2024-11-03 14:00:00+01:00,66.63,65.07973
2024-11-03 15:00:00+01:00,104.8,85.64714
2024-11-03 16:00:00+01:00,131.42,124.17364
2024-11-03 17:00:00+01:00,132.18,143.52179
2024-11-03 18:00:00+01:00,125.8,135.74432
2024-11-03 19:00:00+01:00,120.0,126.28959
2024-11-03 20:00:00+01:00,115.3,116.25849
2024-11-03 21:00:00+01:00,104.84,105.98199
2024-11-03 22:00:00+01:00,104.79,97.74487
2024-11-03 23:00:00+01:00,97.63,95.88639
2024-11-04 00:00:00+01:00,104.5,91.55765
2024-11-04 01:00:00+01:00,100.05,102.1508
2024-11-04 02:00:00+01:00,98.05,95.49137
2024-11-04 03:00:00+01:00,98.05,100.55439
2024-11-04 04:00:00+01:00,104.17,105.94167
2024-11-04 05:00:00+01:00,113.83,113.86738
2024-11-04 06:00:00+01:00,125.07,122.86022
2024-11-04 07:00:00+01:00,151.22,130.69136
2024-11-04 08:00:00+01:00,140.03,141.99689
2024-11-04 09:00:00+01:00,124.84,128.91974
2024-11-04 10:00:00+01:00,115.05,113.58287
2024-11-04 11:00:00+01:00,105.05,108.547554
2024-11-04 12:00:00+01:00,104.63,104.12226
2024-11-04 13:00:00+01:00,104.59,109.39663
2024-11-04 14:00:00+01:00,113.69,118.036964
2024-11-04 15:00:00+01:00,131.8,130.89365
2024-11-04 16:00:00+01:00,149.77,147.31644
2024-11-04 17:00:00+01:00,159.99,156.15494
2024-11-04 18:00:00+01:00,159.99,158.3866
2024-11-04 19:00:00+01:00,176.01,151.80214
2024-11-04 20:00:00+01:00,140.47,156.14908
2024-11-04 21:00:00+01:00,125.08,124.81558
2024-11-04 22:00:00+01:00,122.3,119.52934
2024-11-04 23:00:00+01:00,113.12,117.61082
2024-11-05 00:00:00+01:00,125.09,110.86974
2024-11-05 01:00:00+01:00,122.0,119.6489
2024-11-05 02:00:00+01:00,118.26,116.82994
2024-11-05 03:00:00+01:00,118.4,120.496216
2024-11-05 04:00:00+01:00,118.65,125.42811
2024-11-05 05:00:00+01:00,125.33,128.51875
2024-11-05 06:00:00+01:00,146.3,135.0826
2024-11-05 07:00:00+01:00,146.14,146.5839
2024-11-05 08:00:00+01:00,139.72,138.51318
2024-11-05 09:00:00+01:00,139.67,131.18564
2024-11-05 10:00:00+01:00,125.7,125.80358
2024-11-05 11:00:00+01:00,118.82,115.021996
2024-11-05 12:00:00+01:00,118.57,116.500824
2024-11-05 13:00:00+01:00,118.92,119.61249
2024-11-05 14:00:00+01:00,139.35,127.0903
2024-11-05 15:00:00+01:00,145.1,146.64008
2024-11-05 16:00:00+01:00,160.59,149.99448
2024-11-05 17:00:00+01:00,160.98,165.06627
2024-11-05 18:00:00+01:00,181.08,158.53532
2024-11-05 19:00:00+01:00,181.52,165.20462
2024-11-05 20:00:00+01:00,146.35,158.3666
2024-11-05 21:00:00+01:00,125.64,131.70012
2024-11-05 22:00:00+01:00,146.11,119.5697
2024-11-05 23:00:00+01:00,130.07,135.22949
2024-11-06 00:00:00+01:00,108.09,119.89271
2024-11-06 01:00:00+01:00,104.97,107.299385
2024-11-06 02:00:00+01:00,104.82,109.37018
2024-11-06 03:00:00+01:00,104.8,113.49238
2024-11-06 04:00:00+01:00,104.97,117.295044
2024-11-06 05:00:00+01:00,115.05,120.12473
2024-11-06 06:00:00+01:00,139.32,129.73453
2024-11-06 07:00:00+01:00,150.0,144.15875
2024-11-06 08:00:00+01:00,150.0,145.71194
2024-11-06 09:00:00+01:00,135.07,141.03734
2024-11-06 10:00:00+01:00,122.91,122.68355
2024-11-06 11:00:00+01:00,116.05,111.843254
2024-11-06 12:00:00+01:00,113.9,112.97868
2024-11-06 13:00:00+01:00,122.02,114.82514
2024-11-06 14:00:00+01:00,125.6,128.9068
2024-11-06 15:00:00+01:00,149.99,136.36311
2024-11-06 16:00:00+01:00,176.84,158.00342
2024-11-06 17:00:00+01:00,199.99,169.2862
2024-11-06 18:00:00+01:00,200.72,172.99422
2024-11-06 19:00:00+01:00,182.95,169.70988
2024-11-06 20:00:00+01:00,150.0,158.57675
2024-11-06 21:00:00+01:00,140.97,132.6949
2024-11-06 22:00:00+01:00,122.96,130.04762
2024-11-06 23:00:00+01:00,113.95,117.994095
2024-11-07 00:00:00+01:00,113.67,111.10872
2024-11-07 01:00:00+01:00,110.4,110.05313
2024-11-07 02:00:00+01:00,104.94,111.21161
2024-11-07 03:00:00+01:00,104.94,112.553505
2024-11-07 04:00:00+01:00,104.95,117.62187
2024-11-07 05:00:00+01:00,113.65,120.01645
2024-11-07 06:00:00+01:00,131.35,128.6005
2024-11-07 07:00:00+01:00,151.03,141.52519
2024-11-07 08:00:00+01:00,150.0,147.36293
2024-11-07 09:00:00+01:00,135.07,140.28777
2024-11-07 10:00:00+01:00,120.06,124.134865
2024-11-07 11:00:00+01:00,113.84,111.27292
2024-11-07 12:00:00+01:00,113.31,114.431816
2024-11-07 13:00:00+01:00,115.06,116.82955
2024-11-07 14:00:00+01:00,120.08,125.10739
2024-11-07 15:00:00+01:00,149.99,133.65948
2024-11-07 16:00:00+01:00,199.99,159.15279
2024-11-07 17:00:00+01:00,173.04,178.19827
2024-11-07 18:00:00+01:00,185.97,159.05042
2024-11-07 19:00:00+01:00,200.0,169.01627
2024-11-07 20:00:00+01:00,164.18,167.10336
2024-11-07 21:00:00+01:00,124.08,136.80844
2024-11-07 22:00:00+01:00,113.97,116.145966
2024-11-07 23:00:00+01:00,108.08,114.14562
2024-11-08 00:00:00+01:00,104.98,107.701256
2024-11-08 01:00:00+01:00,104.95,101.70999
2024-11-08 02:00:00+01:00,97.96,106.61649
2024-11-08 03:00:00+01:00,97.93,106.9362
2024-11-08 04:00:00+01:00,97.96,112.438286
2024-11-08 05:00:00+01:00,104.92,114.65908
2024-11-08 06:00:00+01:00,133.96,122.82804
2024-11-08 07:00:00+01:00,146.73,144.95895
2024-11-08 08:00:00+01:00,140.0,141.58693
2024-11-08 09:00:00+01:00,125.95,133.20686
2024-11-08 10:00:00+01:00,111.93,116.88449
2024-11-08 11:00:00+01:00,104.76,103.45188
2024-11-08 12:00:00+01:00,97.92,105.61344
2024-11-08 13:00:00+01:00,104.67,103.823456
2024-11-08 14:00:00+01:00,111.89,117.96178
2024-11-08 15:00:00+01:00,140.0,127.28206
2024-11-08 16:00:00+01:00,153.69,152.72185
2024-11-08 17:00:00+01:00,146.72,163.61862
2024-11-08 18:00:00+01:00,160.37,150.82217
2024-11-08 19:00:00+01:00,160.21,156.92445
2024-11-08 20:00:00+01:00,132.97,145.51747
2024-11-08 21:00:00+01:00,118.9,118.76461
2024-11-08 22:00:00+01:00,111.96,111.933304
2024-11-08 23:00:00+01:00,104.64,108.00074
2024-11-09 00:00:00+01:00,118.55,104.005684
2024-11-09 01:00:00+01:00,111.81,114.042694
2024-11-09 02:00:00+01:00,104.96,108.03585
2024-11-09 03:00:00+01:00,97.98,108.39537
2024-11-09 04:00:00+01:00,97.99,106.85312
2024-11-09 05:00:00+01:00,104.95,109.10807
2024-11-09 06:00:00+01:00,124.7,115.37119
2024-11-09 07:00:00+01:00,125.66,129.21552
2024-11-09 08:00:00+01:00,137.81,119.28527
2024-11-09 09:00:00+01:00,105.0,126.06429
2024-11-09 10:00:00+01:00,101.29,105.15422
2024-11-09 11:00:00+01:00,95.27,105.32303
2024-11-09 12:00:00+01:00,93.27,102.16612
2024-11-09 13:00:00+01:00,93.39,98.33168
2024-11-09 14:00:00+01:00,100.08,102.95064
2024-11-09 15:00:00+01:00,125.7,111.48607
2024-11-09 16:00:00+01:00,140.0,140.55586
2024-11-09 17:00:00+01:00,153.03,146.49779
2024-11-09 18:00:00+01:00,160.63,148.41203
2024-11-09 19:00:00+01:00,149.99,145.07771
2024-11-09 20:00:00+01:00,132.44,133.57455
2024-11-09 21:00:00+01:00,120.06,113.11232
2024-11-09 22:00:00+01:00,117.05,106.85277
2024-11-09 23:00:00+01:00,109.08,106.577194
2024-11-10 00:00:00+01:00,107.07,102.191826
2024-11-10 01:00:00+01:00,104.91,99.77218
2024-11-10 02:00:00+01:00,99.07,98.05326
2024-11-10 03:00:00+01:00,98.07,96.36909
2024-11-10 04:00:00+01:00,97.98,99.68973
2024-11-10 05:00:00+01:00,104.93,102.47731
2024-11-10 06:00:00+01:00,104.97,109.82837
2024-11-10 07:00:00+01:00,104.97,116.66595
2024-11-10 08:00:00+01:00,108.05,114.72916
2024-11-10 09:00:00+01:00,108.05,115.000656
2024-11-10 10:00:00+01:00,104.75,110.15696
2024-11-10 11:00:00+01:00,104.47,102.69101
2024-11-10 12:00:00+01:00,102.1,109.14616
2024-11-10 13:00:00+01:00,104.73,106.472755
2024-11-10 14:00:00+01:00,105.08,107.89044
2024-11-10 15:00:00+01:00,118.97,113.4195
2024-11-10 16:00:00+01:00,139.48,135.73784
2024-11-10 17:00:00+01:00,149.99,146.77597
2024-11-10 18:00:00+01:00,143.24,143.2311
2024-11-10 19:00:00+01:00,139.97,133.62291
2024-11-10 20:00:00+01:00,139.3,126.93963
2024-11-10 21:00:00+01:00,118.9,121.98598
2024-11-10 22:00:00+01:00,111.96,106.03291
2024-11-10 23:00:00+01:00,105.07,105.87433
2024-11-11 00:00:00+01:00,118.07,101.09394
2024-11-11 01:00:00+01:00,114.03,113.49018
2024-11-11 02:00:00+01:00,111.02,105.61571
2024-11-11 03:00:00+01:00,109.02,110.18895
2024-11-11 04:00:00+01:00,111.02,113.67773
2024-11-11 05:00:00+01:00,114.6,119.400246
2024-11-11 06:00:00+01:00,137.6,124.17212
2024-11-11 07:00:00+01:00,149.58,137.89682
2024-11-11 08:00:00+01:00,149.55,139.42653
2024-11-11 09:00:00+01:00,139.99,135.15701
2024-11-11 10:00:00+01:00,131.21,124.410065
2024-11-11 11:00:00+01:00,131.11,118.21558
2024-11-11 12:00:00+01:00,131.1,122.18691
2024-11-11 13:00:00+01:00,131.18,123.13261
2024-11-11 14:00:00+01:00,140.59,131.43515
2024-11-11 15:00:00+01:00,149.83,142.47093
2024-11-11 16:00:00+01:00,176.07,151.1783
2024-11-11 17:00:00+01:00,185.69,164.60115
2024-11-11 18:00:00+01:00,185.16,163.13876
2024-11-11 19:00:00+01:00,185.53,159.28291
2024-11-11 20:00:00+01:00,167.92,156.51268
2024-11-11 21:00:00+01:00,149.17,141.02718
2024-11-11 22:00:00+01:00,122.5,130.98607
2024-11-11 23:00:00+01:00,115.07,115.73763
2024-11-12 00:00:00+01:00,113.63,113.448235
2024-11-12 01:00:00+01:00,113.21,111.24764
2024-11-12 02:00:00+01:00,106.97,111.37624
2024-11-12 03:00:00+01:00,105.02,111.25788
2024-11-12 04:00:00+01:00,113.19,114.83124
2024-11-12 05:00:00+01:00,122.32,123.124916
2024-11-12 06:00:00+01:00,176.04,130.07877
2024-11-12 07:00:00+01:00,169.99,157.20473
2024-11-12 08:00:00+01:00,168.06,146.44186
2024-11-12 09:00:00+01:00,153.06,146.46371
2024-11-12 10:00:00+01:00,148.01,136.05962
2024-11-12 11:00:00+01:00,141.1,133.4343
2024-11-12 12:00:00+01:00,140.46,129.52716
2024-11-12 13:00:00+01:00,152.81,134.13362
2024-11-12 14:00:00+01:00,172.03,147.53192
2024-11-12 15:00:00+01:00,206.06,160.28172
2024-11-12 16:00:00+01:00,199.99,172.6034
2024-11-12 17:00:00+01:00,199.99,171.96167
2024-11-12 18:00:00+01:00,199.99,170.01064
2024-11-12 19:00:00+01:00,174.95,168.05928
2024-11-12 20:00:00+01:00,149.98,152.34721
2024-11-12 21:00:00+01:00,131.86,136.65533
2024-11-12 22:00:00+01:00,157.45,126.43252
2024-11-12 23:00:00+01:00,135.06,141.49823
2024-11-13 00:00:00+01:00,124.38,121.12495
2024-11-13 01:00:00+01:00,118.84,116.67954
2024-11-13 02:00:00+01:00,116.54,116.11016
2024-11-13 03:00:00+01:00,117.65,119.91746
2024-11-13 04:00:00+01:00,121.1,124.35793
2024-11-13 05:00:00+01:00,137.63,128.99889
2024-11-13 06:00:00+01:00,199.99,140.54196
2024-11-13 07:00:00+01:00,204.97,165.02917
2024-11-13 08:00:00+01:00,200.0,160.53667
2024-11-13 09:00:00+01:00,169.35,158.94905
2024-11-13 10:00:00+01:00,150.04,141.72964
2024-11-13 11:00:00+01:00,199.99,130.64265
2024-11-13 12:00:00+01:00,199.99,160.03572
2024-11-13 13:00:00+01:00,199.99,159.76176
2024-11-13 14:00:00+01:00,200.0,164.79614
2024-11-13 15:00:00+01:00,320.02,167.46185
2024-11-13 16:00:00+01:00,249.99,184.86961
2024-11-13 17:00:00+01:00,220.0,173.66359
2024-11-13 18:00:00+01:00,249.99,171.31009
2024-11-13 19:00:00+01:00,220.0,174.94456
2024-11-13 20:00:00+01:00,206.1,161.4123
2024-11-13 21:00:00+01:00,199.99,158.24922
2024-11-13 22:00:00+01:00,186.7,150.1999
2024-11-13 23:00:00+01:00,186.09,143.25896
2024-11-14 00:00:00+01:00,124.72,136.10623
2024-11-14 01:00:00+01:00,118.72,119.68473
2024-11-14 02:00:00+01:00,116.72,120.59771
2024-11-14 03:00:00+01:00,117.5,123.94969
2024-11-14 04:00:00+01:00,119.95,127.75357
2024-11-14 05:00:00+01:00,127.95,130.93106
2024-11-14 06:00:00+01:00,152.08,137.0409
2024-11-14 07:00:00+01:00,200.05,151.80592
2024-11-14 08:00:00+01:00,200.0,164.25887
2024-11-14 09:00:00+01:00,199.99,155.08163
2024-11-14 10:00:00+01:00,199.99,152.2647
2024-11-14 11:00:00+01:00,199.99,145.85023
2024-11-14 12:00:00+01:00,199.99,144.10706
2024-11-14 13:00:00+01:00,199.99,145.87056
2024-11-14 14:00:00+01:00,220.0,154.53778
2024-11-14 15:00:00+01:00,200.0,165.52634
2024-11-14 16:00:00+01:00,170.1,171.01437
2024-11-14 17:00:00+01:00,178.95,174.1743
2024-11-14 18:00:00+01:00,192.49,168.73026
2024-11-14 19:00:00+01:00,171.95,169.95145
2024-11-14 20:00:00+01:00,153.95,147.9692
2024-11-14 21:00:00+01:00,142.95,133.63004
2024-11-14 22:00:00+01:00,132.95,126.15532
2024-11-14 23:00:00+01:00,129.95,119.400276
2024-11-15 00:00:00+01:00,125.08,116.512405
2024-11-15 01:00:00+01:00,120.08,114.740585
2024-11-15 02:00:00+01:00,120.08,115.83612
2024-11-15 03:00:00+01:00,113.44,121.25955
2024-11-15 04:00:00+01:00,120.08,120.50222
2024-11-15 05:00:00+01:00,122.43,129.00229
2024-11-15 06:00:00+01:00,167.07,131.606
2024-11-15 07:00:00+01:00,220.0,158.50049
2024-11-15 08:00:00+01:00,220.0,168.16628
2024-11-15 09:00:00+01:00,205.07,164.97308
2024-11-15 10:00:00+01:00,203.15,158.45683
2024-11-15 11:00:00+01:00,189.99,158.98642
2024-11-15 12:00:00+01:00,200.06,157.57526
2024-11-15 13:00:00+01:00,203.27,163.21535
2024-11-15 14:00:00+01:00,212.06,164.96017
2024-11-15 15:00:00+01:00,219.99,170.29262
2024-11-15 16:00:00+01:00,190.0,172.52634
2024-11-15 17:00:00+01:00,201.57,158.78615
2024-11-15 18:00:00+01:00,219.99,166.42781
2024-11-15 19:00:00+01:00,220.0,167.89432
2024-11-15 20:00:00+01:00,185.29,161.04898
2024-11-15 21:00:00+01:00,158.05,151.67552
2024-11-15 22:00:00+01:00,149.05,137.88556
2024-11-15 23:00:00+01:00,117.72,126.584076
2024-11-16 00:00:00+01:00,117.15,112.78156
2024-11-16 01:00:00+01:00,107.05,113.0023
2024-11-16 02:00:00+01:00,104.35,107.99098
2024-11-16 03:00:00+01:00,99.93,110.02452
2024-11-16 04:00:00+01:00,98.93,107.61914
2024-11-16 05:00:00+01:00,116.03,111.15582
2024-11-16 06:00:00+01:00,133.04,127.02152
2024-11-16 07:00:00+01:00,160.0,141.01953
2024-11-16 08:00:00+01:00,146.91,153.88681
2024-11-16 09:00:00+01:00,129.94,136.15326
2024-11-16 10:00:00+01:00,125.05,120.058655
2024-11-16 11:00:00+01:00,120.04,117.66454
2024-11-16 12:00:00+01:00,117.07,120.74863
2024-11-16 13:00:00+01:00,116.07,127.61535
2024-11-16 14:00:00+01:00,123.08,135.45772
2024-11-16 15:00:00+01:00,151.02,137.81866
2024-11-16 16:00:00+01:00,185.8,146.8501
2024-11-16 17:00:00+01:00,200.0,156.73602
2024-11-16 18:00:00+01:00,189.99,149.3013
2024-11-16 19:00:00+01:00,194.99,138.06863
2024-11-16 20:00:00+01:00,155.04,126.344795
2024-11-16 21:00:00+01:00,140.09,103.01399
2024-11-16 22:00:00+01:00,136.09,99.634285
2024-11-16 23:00:00+01:00,127.82,103.007614
2024-11-17 00:00:00+01:00,123.86,104.655914
2024-11-17 01:00:00+01:00,125.55,98.64054
2024-11-17 02:00:00+01:00,106.73,97.48483
2024-11-17 03:00:00+01:00,104.52,86.398026
2024-11-17 04:00:00+01:00,108.01,90.09382
2024-11-17 05:00:00+01:00,109.98,95.44021
2024-11-17 06:00:00+01:00,128.5,101.607765
2024-11-17 07:00:00+01:00,116.75,114.15168
2024-11-17 08:00:00+01:00,114.48,111.68888
2024-11-17 09:00:00+01:00,111.73,103.75543
2024-11-17 10:00:00+01:00,105.67,94.31426
2024-11-17 11:00:00+01:00,101.51,90.83258
2024-11-17 12:00:00+01:00,103.37,91.45905
2024-11-17 13:00:00+01:00,95.7,99.85773
2024-11-17 14:00:00+01:00,105.98,108.360275
2024-11-17 15:00:00+01:00,122.07,126.968956
2024-11-17 16:00:00+01:00,137.88,142.10812
2024-11-17 17:00:00+01:00,150.09,151.05884
2024-11-17 18:00:00+01:00,160.09,147.6841
2024-11-17 19:00:00+01:00,160.09,142.67412
2024-11-17 20:00:00+01:00,150.09,134.43188
2024-11-17 21:00:00+01:00,140.01,118.815735
2024-11-17 22:00:00+01:00,125.01,104.15349
2024-11-17 23:00:00+01:00,105.5,93.635925
2024-11-18 00:00:00+01:00,104.79,83.69045
2024-11-18 01:00:00+01:00,104.08,89.1137
2024-11-18 02:00:00+01:00,96.05,107.55058
2024-11-18 03:00:00+01:00,90.51,102.54408
2024-11-18 04:00:00+01:00,104.93,101.19964
2024-11-18 05:00:00+01:00,146.9,115.11189
2024-11-18 06:00:00+01:00,146.46,139.72415
2024-11-18 07:00:00+01:00,174.47,138.50768
2024-11-18 08:00:00+01:00,181.66,149.88742
2024-11-18 09:00:00+01:00,160.78,148.33679
2024-11-18 10:00:00+01:00,146.56,140.27744
2024-11-18 11:00:00+01:00,139.47,136.64897
2024-11-18 12:00:00+01:00,132.35,130.05066
2024-11-18 13:00:00+01:00,132.48,128.10405
2024-11-18 14:00:00+01:00,153.13,133.36194
2024-11-18 15:00:00+01:00,181.36,150.78627
2024-11-18 16:00:00+01:00,190.0,163.49228
2024-11-18 17:00:00+01:00,202.09,166.5133
2024-11-18 18:00:00+01:00,219.99,167.07068
2024-11-18 19:00:00+01:00,200.74,166.97145
2024-11-18 20:00:00+01:00,193.19,159.28957
2024-11-18 21:00:00+01:00,157.69,147.98943
2024-11-18 22:00:00+01:00,139.7,135.04599
2024-11-18 23:00:00+01:00,146.23,123.494804
2024-11-19 00:00:00+01:00,124.07,126.334114
2024-11-19 01:00:00+01:00,116.07,113.902145
2024-11-19 02:00:00+01:00,115.07,115.26613
2024-11-19 03:00:00+01:00,121.07,117.78732
2024-11-19 04:00:00+01:00,122.06,126.15177
2024-11-19 05:00:00+01:00,131.69,129.24274
2024-11-19 06:00:00+01:00,212.95,136.25081
2024-11-19 07:00:00+01:00,220.0,168.54297
2024-11-19 08:00:00+01:00,199.99,162.50146
2024-11-19 09:00:00+01:00,189.99,157.01811
2024-11-19 10:00:00+01:00,134.98,149.40515
2024-11-19 11:00:00+01:00,131.45,119.25594
2024-11-19 12:00:00+01:00,133.05,118.631516
2024-11-19 13:00:00+01:00,143.02,119.63827
2024-11-19 14:00:00+01:00,163.09,126.17987
2024-11-19 15:00:00+01:00,200.0,139.97258
2024-11-19 16:00:00+01:00,200.0,157.74205
2024-11-19 17:00:00+01:00,200.0,160.99915
2024-11-19 18:00:00+01:00,199.99,156.97911
2024-11-19 19:00:00+01:00,200.0,155.56488
2024-11-19 20:00:00+01:00,190.0,151.126
2024-11-19 21:00:00+01:00,140.94,142.39217
2024-11-19 22:00:00+01:00,131.95,124.865875
2024-11-19 23:00:00+01:00,124.52,112.61062
2024-11-20 00:00:00+01:00,117.19,107.61012
2024-11-20 01:00:00+01:00,109.98,109.37168
2024-11-20 02:00:00+01:00,98.98,110.411865
2024-11-20 03:00:00+01:00,104.44,106.42874
2024-11-20 04:00:00+01:00,104.83,115.87931
2024-11-20 05:00:00+01:00,118.02,117.65492
2024-11-20 06:00:00+01:00,143.03,131.05281
2024-11-20 07:00:00+01:00,175.08,146.29926
2024-11-20 08:00:00+01:00,172.05,153.69911
2024-11-20 09:00:00+01:00,150.23,145.14963
2024-11-20 10:00:00+01:00,141.33,130.05156
2024-11-20 11:00:00+01:00,136.34,126.431816
2024-11-20 12:00:00+01:00,128.05,124.741554
2024-11-20 13:00:00+01:00,138.05,124.24393
2024-11-20 14:00:00+01:00,158.03,127.28063
2024-11-20 15:00:00+01:00,180.0,136.37831
2024-11-20 16:00:00+01:00,199.99,153.77885
2024-11-20 17:00:00+01:00,199.99,152.25172
2024-11-20 18:00:00+01:00,197.99,151.5521
2024-11-20 19:00:00+01:00,173.05,148.1788
2024-11-20 20:00:00+01:00,148.55,141.566
2024-11-20 21:00:00+01:00,130.69,130.44278
2024-11-20 22:00:00+01:00,121.55,118.02807
2024-11-20 23:00:00+01:00,104.74,108.99319
2024-11-21 00:00:00+01:00,105.06,107.47756
2024-11-21 01:00:00+01:00,98.06,106.77213
2024-11-21 02:00:00+01:00,92.06,107.13906
2024-11-21 03:00:00+01:00,84.06,108.866165
2024-11-21 04:00:00+01:00,86.87,107.08935
2024-11-21 05:00:00+01:00,104.92,110.41481
2024-11-21 06:00:00+01:00,143.13,119.836685
2024-11-21 07:00:00+01:00,167.42,144.60428
2024-11-21 08:00:00+01:00,158.9,150.56523
2024-11-21 09:00:00+01:00,140.97,142.57762
2024-11-21 10:00:00+01:00,131.82,138.55988
2024-11-21 11:00:00+01:00,131.3,129.46138
2024-11-21 12:00:00+01:00,125.06,124.16878
2024-11-21 13:00:00+01:00,133.06,123.63851
2024-11-21 14:00:00+01:00,167.87,119.1235
2024-11-21 15:00:00+01:00,176.97,143.18257
2024-11-21 16:00:00+01:00,170.0,158.44821
2024-11-21 17:00:00+01:00,170.0,151.97995
2024-11-21 18:00:00+01:00,169.99,151.20464
2024-11-21 19:00:00+01:00,169.99,148.12726
2024-11-21 20:00:00+01:00,149.38,142.80234
2024-11-21 21:00:00+01:00,136.95,130.57207
2024-11-21 22:00:00+01:00,124.0,121.459785
2024-11-21 23:00:00+01:00,115.05,112.812485
2024-11-22 00:00:00+01:00,111.92,109.13809
2024-11-22 01:00:00+01:00,110.07,105.572876
2024-11-22 02:00:00+01:00,98.29,106.85037
2024-11-22 03:00:00+01:00,97.96,103.36799
2024-11-22 04:00:00+01:00,102.05,109.21884
2024-11-22 05:00:00+01:00,108.49,115.60076
2024-11-22 06:00:00+01:00,132.94,121.55574
2024-11-22 07:00:00+01:00,145.55,141.0903
2024-11-22 08:00:00+01:00,146.43,145.45198
2024-11-22 09:00:00+01:00,139.12,138.5042
2024-11-22 10:00:00+01:00,128.01,126.83334
2024-11-22 11:00:00+01:00,125.02,125.50216
2024-11-22 12:00:00+01:00,118.04,128.37825
2024-11-22 13:00:00+01:00,115.97,128.63564
2024-11-22 14:00:00+01:00,129.76,131.72092
2024-11-22 15:00:00+01:00,153.25,140.92223
2024-11-22 16:00:00+01:00,157.29,149.59718
2024-11-22 17:00:00+01:00,166.04,144.71857
2024-11-22 18:00:00+01:00,153.65,149.92697
2024-11-22 19:00:00+01:00,153.03,138.28978
2024-11-22 20:00:00+01:00,128.07,136.25995
2024-11-22 21:00:00+01:00,118.5,119.53487
2024-11-22 22:00:00+01:00,122.32,111.36538
2024-11-22 23:00:00+01:00,104.95,111.40049
2024-11-23 00:00:00+01:00,97.54,96.974846
2024-11-23 01:00:00+01:00,90.54,94.143585
2024-11-23 02:00:00+01:00,83.71,89.14807
2024-11-23 03:00:00+01:00,83.39,88.25883
2024-11-23 04:00:00+01:00,83.62,91.60837
2024-11-23 05:00:00+01:00,90.68,94.76149
2024-11-23 06:00:00+01:00,118.24,103.50463
2024-11-23 07:00:00+01:00,139.04,123.2383
2024-11-23 08:00:00+01:00,132.49,133.0467
2024-11-23 09:00:00+01:00,111.16,120.41567
2024-11-23 10:00:00+01:00,97.34,99.745766
2024-11-23 11:00:00+01:00,83.29,84.90447
2024-11-23 12:00:00+01:00,83.02,75.335945
2024-11-23 13:00:00+01:00,83.24,78.85013
2024-11-23 14:00:00+01:00,104.57,89.57968
2024-11-23 15:00:00+01:00,137.02,117.83681
2024-11-23 16:00:00+01:00,156.55,139.90565
2024-11-23 17:00:00+01:00,174.2,142.96957
2024-11-23 18:00:00+01:00,169.04,143.58212
2024-11-23 19:00:00+01:00,162.95,134.03525
2024-11-23 20:00:00+01:00,153.36,128.79758
2024-11-23 21:00:00+01:00,132.63,116.873985
2024-11-23 22:00:00+01:00,125.09,101.92417
2024-11-23 23:00:00+01:00,90.88,95.01825
2024-11-24 00:00:00+01:00,90.74,78.6902
2024-11-24 01:00:00+01:00,83.21,83.83431
2024-11-24 02:00:00+01:00,76.6,78.357376
2024-11-24 03:00:00+01:00,76.46,76.23412
2024-11-24 04:00:00+01:00,76.14,80.673325
2024-11-24 05:00:00+01:00,83.23,83.05689
2024-11-24 06:00:00+01:00,97.56,91.03699
2024-11-24 07:00:00+01:00,104.33,102.850006
2024-11-24 08:00:00+01:00,104.99,98.90036
2024-11-24 09:00:00+01:00,90.83,96.98624
2024-11-24 10:00:00+01:00,83.43,74.57096
2024-11-24 11:00:00+01:00,83.43,71.37028
2024-11-24 12:00:00+01:00,80.08,74.89012
2024-11-24 13:00:00+01:00,90.76,75.28835
2024-11-24 14:00:00+01:00,118.93,87.47363
2024-11-24 15:00:00+01:00,153.23,118.76843
2024-11-24 16:00:00+01:00,153.86,156.76863
2024-11-24 17:00:00+01:00,167.8,152.50359
2024-11-24 18:00:00+01:00,181.45,152.67871
2024-11-24 19:00:00+01:00,172.91,145.86484
2024-11-24 20:00:00+01:00,160.73,131.38245
2024-11-24 21:00:00+01:00,141.45,121.52237
2024-11-24 22:00:00+01:00,132.64,109.534256
2024-11-24 23:00:00+01:00,122.01,101.67514
2024-11-25 00:00:00+01:00,108.07,93.47719
2024-11-25 01:00:00+01:00,99.06,91.67809
2024-11-25 02:00:00+01:00,95.06,99.57653
2024-11-25 03:00:00+01:00,86.89,110.41843
2024-11-25 04:00:00+01:00,95.61,113.01496
2024-11-25 05:00:00+01:00,122.41,122.73937
2024-11-25 06:00:00+01:00,140.89,145.82986
2024-11-25 07:00:00+01:00,185.72,153.91951
2024-11-25 08:00:00+01:00,167.6,166.50468
2024-11-25 09:00:00+01:00,149.85,152.97842
2024-11-25 10:00:00+01:00,140.84,122.34671
2024-11-25 11:00:00+01:00,140.34,111.28908
2024-11-25 12:00:00+01:00,131.85,112.22804
2024-11-25 13:00:00+01:00,131.85,113.421844
2024-11-25 14:00:00+01:00,164.01,117.244125
2024-11-25 15:00:00+01:00,158.88,147.44556
2024-11-25 16:00:00+01:00,167.47,153.04662
2024-11-25 17:00:00+01:00,167.94,151.71468
2024-11-25 18:00:00+01:00,176.37,146.13837
2024-11-25 19:00:00+01:00,172.45,142.43362
2024-11-25 20:00:00+01:00,154.45,138.99709
2024-11-25 21:00:00+01:00,140.7,133.10835
2024-11-25 22:00:00+01:00,140.06,123.51699
2024-11-25 23:00:00+01:00,113.97,116.150475
2024-11-26 00:00:00+01:00,111.08,112.16895
2024-11-26 01:00:00+01:00,108.01,108.00115
2024-11-26 02:00:00+01:00,103.01,107.2176
2024-11-26 03:00:00+01:00,103.01,109.663536
2024-11-26 04:00:00+01:00,112.76,116.107544
2024-11-26 05:00:00+01:00,125.56,125.730965
2024-11-26 06:00:00+01:00,167.1,134.73727
2024-11-26 07:00:00+01:00,167.77,161.8395
2024-11-26 08:00:00+01:00,167.83,154.3616
2024-11-26 09:00:00+01:00,146.96,156.29866
2024-11-26 10:00:00+01:00,139.6,138.79277
2024-11-26 11:00:00+01:00,139.59,134.3089
2024-11-26 12:00:00+01:00,132.67,134.18558
2024-11-26 13:00:00+01:00,132.97,128.78404
2024-11-26 14:00:00+01:00,152.03,124.23759
2024-11-26 15:00:00+01:00,167.01,140.51263
2024-11-26 16:00:00+01:00,198.16,153.56598
2024-11-26 17:00:00+01:00,193.43,165.92114
2024-11-26 18:00:00+01:00,188.34,162.77348
2024-11-26 19:00:00+01:00,181.36,157.95538
2024-11-26 20:00:00+01:00,181.47,148.32957
2024-11-26 21:00:00+01:00,153.44,140.49226
2024-11-26 22:00:00+01:00,139.92,127.22284
2024-11-26 23:00:00+01:00,126.01,115.783356
2024-11-27 00:00:00+01:00,120.69,108.1097
2024-11-27 01:00:00+01:00,118.2,108.746765
2024-11-27 02:00:00+01:00,113.29,112.92739
2024-11-27 03:00:00+01:00,110.99,114.38576
2024-11-27 04:00:00+01:00,117.09,117.98522
2024-11-27 05:00:00+01:00,131.04,125.20025
2024-11-27 06:00:00+01:00,153.04,135.67662
2024-11-27 07:00:00+01:00,167.84,146.69385
2024-11-27 08:00:00+01:00,174.83,150.30826
2024-11-27 09:00:00+01:00,165.0,151.96681
2024-11-27 10:00:00+01:00,153.87,140.16478
2024-11-27 11:00:00+01:00,148.06,128.86934
2024-11-27 12:00:00+01:00,144.01,124.75042
2024-11-27 13:00:00+01:00,147.03,124.90495
2024-11-27 14:00:00+01:00,160.71,132.68806
2024-11-27 15:00:00+01:00,176.03,145.45764
2024-11-27 16:00:00+01:00,181.29,156.00052
2024-11-27 17:00:00+01:00,181.45,160.3887
2024-11-27 18:00:00+01:00,174.27,157.58545
2024-11-27 19:00:00+01:00,165.0,150.87064
2024-11-27 20:00:00+01:00,153.9,140.60464
2024-11-27 21:00:00+01:00,146.04,131.92859
2024-11-27 22:00:00+01:00,139.81,122.3005
2024-11-27 23:00:00+01:00,132.58,116.69019
2024-11-28 00:00:00+01:00,105.0,112.64567
2024-11-28 01:00:00+01:00,104.81,104.810036
2024-11-28 02:00:00+01:00,97.78,107.58536
2024-11-28 03:00:00+01:00,97.67,104.39684
2024-11-28 04:00:00+01:00,99.79,109.04924
2024-11-28 05:00:00+01:00,125.34,114.108894
2024-11-28 06:00:00+01:00,153.98,134.22209
2024-11-28 07:00:00+01:00,174.36,149.47813
2024-11-28 08:00:00+01:00,174.56,152.42763
2024-11-28 09:00:00+01:00,159.0,149.94707
2024-11-28 10:00:00+01:00,149.09,136.21384
2024-11-28 11:00:00+01:00,146.69,134.88246
2024-11-28 12:00:00+01:00,141.58,133.05238
2024-11-28 13:00:00+01:00,145.07,133.91335
2024-11-28 14:00:00+01:00,153.89,141.79156
2024-11-28 15:00:00+01:00,174.78,149.80225
2024-11-28 16:00:00+01:00,193.38,161.00494
2024-11-28 17:00:00+01:00,174.79,166.56314
2024-11-28 18:00:00+01:00,167.79,153.7325
2024-11-28 19:00:00+01:00,164.99,150.49931
2024-11-28 20:00:00+01:00,158.03,146.03781
2024-11-28 21:00:00+01:00,139.01,140.69014
2024-11-28 22:00:00+01:00,130.05,127.749
2024-11-28 23:00:00+01:00,118.9,119.728355
2024-11-29 00:00:00+01:00,111.94,112.14481
2024-11-29 01:00:00+01:00,111.9,106.13689
2024-11-29 02:00:00+01:00,109.92,110.47065
2024-11-29 03:00:00+01:00,105.17,112.423676
2024-11-29 04:00:00+01:00,110.0,113.997375
2024-11-29 05:00:00+01:00,118.79,121.55818
2024-11-29 06:00:00+01:00,141.06,128.96277
2024-11-29 07:00:00+01:00,174.91,143.35754
2024-11-29 08:00:00+01:00,189.93,155.98483
2024-11-29 09:00:00+01:00,170.06,156.6819
2024-11-29 10:00:00+01:00,160.1,145.63841
2024-11-29 11:00:00+01:00,146.42,140.72607
2024-11-29 12:00:00+01:00,141.03,135.31679
2024-11-29 13:00:00+01:00,141.06,134.77441
2024-11-29 14:00:00+01:00,149.07,138.33725
2024-11-29 15:00:00+01:00,168.07,146.66875
2024-11-29 16:00:00+01:00,183.8,160.37871
2024-11-29 17:00:00+01:00,198.06,164.87793
2024-11-29 18:00:00+01:00,174.57,166.5347
2024-11-29 19:00:00+01:00,160.12,150.84908
2024-11-29 20:00:00+01:00,139.34,144.37697
2024-11-29 21:00:00+01:00,127.03,131.71509
2024-11-29 22:00:00+01:00,121.01,124.28913
2024-11-29 23:00:00+01:00,121.06,119.16789
2024-11-30 00:00:00+01:00,105.09,115.77899
2024-11-30 01:00:00+01:00,97.97,101.073456
2024-11-30 02:00:00+01:00,90.89,100.30297
2024-11-30 03:00:00+01:00,84.88,97.468575
2024-11-30 04:00:00+01:00,90.49,96.09373
2024-11-30 05:00:00+01:00,97.86,102.5439
2024-11-30 06:00:00+01:00,111.68,108.65877
2024-11-30 07:00:00+01:00,125.74,120.263016
2024-11-30 08:00:00+01:00,125.79,131.01872
2024-11-30 09:00:00+01:00,111.27,128.81589
2024-11-30 10:00:00+01:00,100.13,110.60583
2024-11-30 11:00:00+01:00,97.78,95.867065
2024-11-30 12:00:00+01:00,97.51,95.87535
2024-11-30 13:00:00+01:00,97.94,102.10206
2024-11-30 14:00:00+01:00,115.02,115.0485
2024-11-30 15:00:00+01:00,132.73,131.14207
2024-11-30 16:00:00+01:00,147.03,142.22604
2024-11-30 17:00:00+01:00,147.03,148.94795
2024-11-30 18:00:00+01:00,146.98,149.34128
2024-11-30 19:00:00+01:00,146.73,142.35571
2024-11-30 20:00:00+01:00,132.25,131.81645
2024-11-30 21:00:00+01:00,118.92,111.95863
2024-11-30 22:00:00+01:00,112.04,94.284225
2024-11-30 23:00:00+01:00,99.34,93.06594
2024-12-01 00:00:00+01:00,111.71,87.152885
2024-12-01 01:00:00+01:00,106.86,91.37107
2024-12-01 02:00:00+01:00,99.04,85.90835
2024-12-01 03:00:00+01:00,95.04,86.88704
2024-12-01 04:00:00+01:00,92.06,104.290565
2024-12-01 05:00:00+01:00,99.03,108.40901
2024-12-01 06:00:00+01:00,109.06,105.5841
2024-12-01 07:00:00+01:00,119.57,112.85166
2024-12-01 08:00:00+01:00,120.08,119.64409
2024-12-01 09:00:00+01:00,117.07,119.00382
2024-12-01 10:00:00+01:00,105.38,113.9087
2024-12-01 11:00:00+01:00,103.09,110.17755
2024-12-01 12:00:00+01:00,104.1,107.557076
2024-12-01 13:00:00+01:00,107.58,106.98345
2024-12-01 14:00:00+01:00,118.05,113.26437
2024-12-01 15:00:00+01:00,130.03,126.46962
2024-12-01 16:00:00+01:00,139.06,138.55173
2024-12-01 17:00:00+01:00,139.54,140.53995
2024-12-01 18:00:00+01:00,146.02,135.56612
2024-12-01 19:00:00+01:00,142.99,133.87274
2024-12-01 20:00:00+01:00,125.04,124.921776
2024-12-01 21:00:00+01:00,120.07,108.87577
2024-12-01 22:00:00+01:00,120.03,107.851715
2024-12-01 23:00:00+01:00,111.64,108.88598
2024-12-02 00:00:00+01:00,92.02,103.37484
2024-12-02 01:00:00+01:00,93.02,90.655495
2024-12-02 02:00:00+01:00,86.02,92.66948
2024-12-02 03:00:00+01:00,79.01,93.093895
2024-12-02 04:00:00+01:00,81.89,93.73261
2024-12-02 05:00:00+01:00,97.02,102.46064
2024-12-02 06:00:00+01:00,131.92,117.20096
2024-12-02 07:00:00+01:00,149.2,137.77347
2024-12-02 08:00:00+01:00,156.91,145.41896
2024-12-02 09:00:00+01:00,144.95,141.68382
2024-12-02 10:00:00+01:00,140.03,130.48804
2024-12-02 11:00:00+01:00,129.94,128.13332
2024-12-02 12:00:00+01:00,126.1,125.06654
2024-12-02 13:00:00+01:00,129.97,121.94988
2024-12-02 14:00:00+01:00,137.0,133.23248
2024-12-02 15:00:00+01:00,159.94,144.61748
2024-12-02 16:00:00+01:00,173.64,157.39673
2024-12-02 17:00:00+01:00,167.14,162.92859
2024-12-02 18:00:00+01:00,165.75,155.2673
2024-12-02 19:00:00+01:00,160.0,153.81223
2024-12-02 20:00:00+01:00,159.97,145.20312
2024-12-02 21:00:00+01:00,134.02,140.48322
2024-12-02 22:00:00+01:00,127.02,120.91757
2024-12-02 23:00:00+01:00,107.02,120.52138
2024-12-03 00:00:00+01:00,118.01,102.36435
2024-12-03 01:00:00+01:00,111.34,113.4184
2024-12-03 02:00:00+01:00,108.31,108.37795
2024-12-03 03:00:00+01:00,111.17,113.05142
2024-12-03 04:00:00+01:00,115.05,120.12629
2024-12-03 05:00:00+01:00,130.06,126.58486
2024-12-03 06:00:00+01:00,142.07,138.42505
2024-12-03 07:00:00+01:00,169.99,146.53522
2024-12-03 08:00:00+01:00,188.67,156.9432
2024-12-03 09:00:00+01:00,177.07,160.07855
2024-12-03 10:00:00+01:00,167.5,150.001
2024-12-03 11:00:00+01:00,160.88,149.31117
2024-12-03 12:00:00+01:00,146.1,148.10316
2024-12-03 13:00:00+01:00,155.01,140.6108
2024-12-03 14:00:00+01:00,175.05,151.56606
2024-12-03 15:00:00+01:00,181.08,165.48163
2024-12-03 16:00:00+01:00,223.08,166.22275
2024-12-03 17:00:00+01:00,218.27,180.85988
2024-12-03 18:00:00+01:00,203.1,173.90054
2024-12-03 19:00:00+01:00,208.09,168.82544
2024-12-03 20:00:00+01:00,167.91,168.26572
2024-12-03 21:00:00+01:00,160.62,144.25096
2024-12-03 22:00:00+01:00,151.93,142.17325
2024-12-03 23:00:00+01:00,144.15,135.9662
2024-12-04 00:00:00+01:00,125.92,131.06989
2024-12-04 01:00:00+01:00,125.71,117.154816
2024-12-04 02:00:00+01:00,120.01,122.67316
2024-12-04 03:00:00+01:00,120.01,122.07298
2024-12-04 04:00:00+01:00,124.66,126.82548
2024-12-04 05:00:00+01:00,131.03,133.19002
2024-12-04 06:00:00+01:00,153.38,139.447
2024-12-04 07:00:00+01:00,188.47,153.34846
2024-12-04 08:00:00+01:00,210.86,165.48753
2024-12-04 09:00:00+01:00,195.02,168.72299
2024-12-04 10:00:00+01:00,183.11,158.45587
2024-12-04 11:00:00+01:00,166.04,154.97571
2024-12-04 12:00:00+01:00,157.65,148.0394
2024-12-04 13:00:00+01:00,158.85,146.75899
2024-12-04 14:00:00+01:00,170.13,151.45648
2024-12-04 15:00:00+01:00,188.26,161.80746
2024-12-04 16:00:00+01:00,203.04,170.148
2024-12-04 17:00:00+01:00,207.91,174.22577
2024-12-04 18:00:00+01:00,201.05,171.39456
2024-12-04 19:00:00+01:00,191.01,166.14105
2024-12-04 20:00:00+01:00,169.99,159.04976
2024-12-04 21:00:00+01:00,150.74,144.39497
2024-12-04 22:00:00+01:00,140.54,135.36484
2024-12-04 23:00:00+01:00,125.85,129.19351
2024-12-05 00:00:00+01:00,113.27,117.76225
2024-12-05 01:00:00+01:00,111.61,107.24303
2024-12-05 02:00:00+01:00,104.9,111.79449
2024-12-05 03:00:00+01:00,104.5,110.69237
2024-12-05 04:00:00+01:00,104.71,116.57144
2024-12-05 05:00:00+01:00,118.64,119.45306
2024-12-05 06:00:00+01:00,142.05,134.29291
2024-12-05 07:00:00+01:00,188.35,148.48466
2024-12-05 08:00:00+01:00,169.99,168.0105
2024-12-05 09:00:00+01:00,169.99,150.97983
2024-12-05 10:00:00+01:00,140.3,154.60703
2024-12-05 11:00:00+01:00,135.09,128.0602
2024-12-05 12:00:00+01:00,133.1,134.01465
2024-12-05 13:00:00+01:00,136.7,132.20238
2024-12-05 14:00:00+01:00,167.16,143.28096
2024-12-05 15:00:00+01:00,169.99,163.4377
2024-12-05 16:00:00+01:00,169.66,162.18172
2024-12-05 17:00:00+01:00,185.08,165.95111
2024-12-05 18:00:00+01:00,189.99,166.52318
2024-12-05 19:00:00+01:00,195.01,163.36777
2024-12-05 20:00:00+01:00,162.01,161.36029
2024-12-05 21:00:00+01:00,136.09,135.73497
2024-12-05 22:00:00+01:00,125.75,122.74744
2024-12-05 23:00:00+01:00,118.73,117.805084
2024-12-06 00:00:00+01:00,109.37,112.90918
2024-12-06 01:00:00+01:00,104.23,103.634384
2024-12-06 02:00:00+01:00,92.52,105.657524
2024-12-06 03:00:00+01:00,90.97,102.30427
2024-12-06 04:00:00+01:00,97.77,107.28268
2024-12-06 05:00:00+01:00,118.05,115.86158
2024-12-06 06:00:00+01:00,144.45,131.998
2024-12-06 07:00:00+01:00,174.04,148.93256
2024-12-06 08:00:00+01:00,181.87,163.55428
2024-12-06 09:00:00+01:00,174.35,160.51802
2024-12-06 10:00:00+01:00,167.23,155.01929
2024-12-06 11:00:00+01:00,160.65,149.02094
2024-12-06 12:00:00+01:00,170.94,148.03308
2024-12-06 13:00:00+01:00,164.45,157.57906
2024-12-06 14:00:00+01:00,163.39,157.05923
2024-12-06 15:00:00+01:00,182.01,159.98332
2024-12-06 16:00:00+01:00,188.25,170.33714
2024-12-06 17:00:00+01:00,181.58,172.30528
2024-12-06 18:00:00+01:00,170.0,166.91376
2024-12-06 19:00:00+01:00,167.67,155.96443
2024-12-06 20:00:00+01:00,154.53,152.01736
2024-12-06 21:00:00+01:00,139.77,136.58902
2024-12-06 22:00:00+01:00,125.95,127.38891
2024-12-06 23:00:00+01:00,111.11,119.47297
2024-12-07 00:00:00+01:00,123.51,110.43009
2024-12-07 01:00:00+01:00,99.64,117.61138
2024-12-07 02:00:00+01:00,97.54,98.744606
2024-12-07 03:00:00+01:00,90.56,105.530815
2024-12-07 04:00:00+01:00,90.44,102.45919
2024-12-07 05:00:00+01:00,104.87,106.47959
2024-12-07 06:00:00+01:00,132.03,119.26926
2024-12-07 07:00:00+01:00,139.65,137.32607
2024-12-07 08:00:00+01:00,153.47,139.45544
2024-12-07 09:00:00+01:00,151.55,140.60693
2024-12-07 10:00:00+01:00,131.51,134.00934
2024-12-07 11:00:00+01:00,125.15,115.60923
2024-12-07 12:00:00+01:00,121.55,119.810646
2024-12-07 13:00:00+01:00,123.52,120.023415
2024-12-07 14:00:00+01:00,127.34,124.95733
2024-12-07 15:00:00+01:00,146.98,136.19815
2024-12-07 16:00:00+01:00,168.95,150.33817
2024-12-07 17:00:00+01:00,181.25,158.75217
2024-12-07 18:00:00+01:00,171.04,158.02016
2024-12-07 19:00:00+01:00,160.55,146.84254
2024-12-07 20:00:00+01:00,146.54,138.11325
2024-12-07 21:00:00+01:00,125.42,123.35263
2024-12-07 22:00:00+01:00,111.82,108.76305
2024-12-07 23:00:00+01:00,97.26,104.11842
2024-12-08 00:00:00+01:00,85.09,95.94785
2024-12-08 01:00:00+01:00,76.94,88.103294
2024-12-08 02:00:00+01:00,69.95,80.92919
2024-12-08 03:00:00+01:00,74.27,79.35665
2024-12-08 04:00:00+01:00,78.18,85.48891
2024-12-08 05:00:00+01:00,84.38,89.48619
2024-12-08 06:00:00+01:00,98.54,97.063065
2024-12-08 07:00:00+01:00,104.37,108.68118
2024-12-08 08:00:00+01:00,111.97,109.93711
2024-12-08 09:00:00+01:00,118.99,109.78945
2024-12-08 10:00:00+01:00,118.7,110.516235
2024-12-08 11:00:00+01:00,118.51,108.599434
2024-12-08 12:00:00+01:00,117.06,111.57715
2024-12-08 13:00:00+01:00,118.28,116.13884
2024-12-08 14:00:00+01:00,122.08,118.2781
2024-12-08 15:00:00+01:00,132.08,127.3956
2024-12-08 16:00:00+01:00,133.0,134.90993
2024-12-08 17:00:00+01:00,145.03,134.87767
2024-12-08 18:00:00+01:00,146.41,136.94623
2024-12-08 19:00:00+01:00,146.04,130.7852
2024-12-08 20:00:00+01:00,132.74,126.43513
2024-12-08 21:00:00+01:00,121.54,113.24568
2024-12-08 22:00:00+01:00,111.44,108.652214
2024-12-08 23:00:00+01:00,92.61,103.89681
2024-12-09 00:00:00+01:00,80.78,91.378456
2024-12-09 01:00:00+01:00,74.1,86.84809
2024-12-09 02:00:00+01:00,69.46,78.85331
2024-12-09 03:00:00+01:00,67.86,82.80842
2024-12-09 04:00:00+01:00,67.96,87.59744
2024-12-09 05:00:00+01:00,87.55,92.95416
2024-12-09 06:00:00+01:00,118.62,111.86497
2024-12-09 07:00:00+01:00,140.02,133.13805
2024-12-09 08:00:00+01:00,146.74,140.57294
2024-12-09 09:00:00+01:00,139.83,139.95703
2024-12-09 10:00:00+01:00,132.93,133.6647
2024-12-09 11:00:00+01:00,132.91,125.54626
2024-12-09 12:00:00+01:00,132.91,128.54454
2024-12-09 13:00:00+01:00,136.05,129.81015
2024-12-09 14:00:00+01:00,145.08,135.2935
2024-12-09 15:00:00+01:00,160.99,146.36795
2024-12-09 16:00:00+01:00,179.99,156.52605
2024-12-09 17:00:00+01:00,179.99,165.38441
2024-12-09 18:00:00+01:00,179.99,160.46593
2024-12-09 19:00:00+01:00,179.99,157.44547
2024-12-09 20:00:00+01:00,174.37,153.00006
2024-12-09 21:00:00+01:00,146.85,146.39838
2024-12-09 22:00:00+01:00,125.66,126.0911
2024-12-09 23:00:00+01:00,111.41,116.571884
2024-12-10 00:00:00+01:00,111.54,106.81967
2024-12-10 01:00:00+01:00,104.75,107.935974
2024-12-10 02:00:00+01:00,97.83,104.0079
2024-12-10 03:00:00+01:00,97.72,106.26529
2024-12-10 04:00:00+01:00,104.43,112.71164
2024-12-10 05:00:00+01:00,118.61,120.96423
2024-12-10 06:00:00+01:00,139.92,133.23277
2024-12-10 07:00:00+01:00,170.01,145.23883
2024-12-10 08:00:00+01:00,181.56,156.29863
2024-12-10 09:00:00+01:00,174.91,157.3701
2024-12-10 10:00:00+01:00,167.23,153.00464
2024-12-10 11:00:00+01:00,162.07,147.70332
2024-12-10 12:00:00+01:00,160.99,147.9613
2024-12-10 13:00:00+01:00,165.09,148.18518
2024-12-10 14:00:00+01:00,170.0,154.02284
2024-12-10 15:00:00+01:00,178.0,160.69179
2024-12-10 16:00:00+01:00,186.08,165.41301
2024-12-10 17:00:00+01:00,191.07,170.06458
2024-12-10 18:00:00+01:00,191.02,167.18228
2024-12-10 19:00:00+01:00,185.04,163.53185
2024-12-10 20:00:00+01:00,170.0,157.6889
2024-12-10 21:00:00+01:00,153.06,143.80402
2024-12-10 22:00:00+01:00,139.89,137.20009
2024-12-10 23:00:00+01:00,132.7,128.85458
2024-12-11 00:00:00+01:00,130.38,122.78032
2024-12-11 01:00:00+01:00,126.0,118.68167
2024-12-11 02:00:00+01:00,125.08,119.66342
2024-12-11 03:00:00+01:00,119.58,124.7684
2024-12-11 04:00:00+01:00,125.04,125.3969
2024-12-11 05:00:00+01:00,141.6,133.23776
2024-12-11 06:00:00+01:00,167.76,144.74232
2024-12-11 07:00:00+01:00,205.3,157.51785
2024-12-11 08:00:00+01:00,228.59,168.98558
2024-12-11 09:00:00+01:00,224.03,171.6
2024-12-11 10:00:00+01:00,192.22,168.72818
2024-12-11 11:00:00+01:00,183.03,155.48528
2024-12-11 12:00:00+01:00,181.79,157.06349
2024-12-11 13:00:00+01:00,190.07,157.98643
2024-12-11 14:00:00+01:00,191.05,163.88307
2024-12-11 15:00:00+01:00,293.21,167.01459
2024-12-11 16:00:00+01:00,270.08,185.65266
2024-12-11 17:00:00+01:00,315.82,179.90154
2024-12-11 18:00:00+01:00,233.67,183.03955
2024-12-11 19:00:00+01:00,258.15,164.6219
2024-12-11 20:00:00+01:00,189.06,169.91542
2024-12-11 21:00:00+01:00,161.08,149.21017
2024-12-11 22:00:00+01:00,154.36,144.54532
2024-12-11 23:00:00+01:00,141.16,135.76768
2024-12-12 00:00:00+01:00,120.04,127.37196
2024-12-12 01:00:00+01:00,115.97,122.33364
2024-12-12 02:00:00+01:00,115.96,121.59775
2024-12-12 03:00:00+01:00,115.92,123.756226
2024-12-12 04:00:00+01:00,115.96,126.97586
2024-12-12 05:00:00+01:00,135.96,129.48586
2024-12-12 06:00:00+01:00,160.28,144.85532
2024-12-12 07:00:00+01:00,210.09,155.61028
2024-12-12 08:00:00+01:00,225.25,171.06892
2024-12-12 09:00:00+01:00,212.3,168.19643
2024-12-12 10:00:00+01:00,199.57,162.48958
2024-12-12 11:00:00+01:00,196.04,155.00298
2024-12-12 12:00:00+01:00,181.04,152.1857
2024-12-12 13:00:00+01:00,173.96,147.66446
2024-12-12 14:00:00+01:00,191.02,149.60074
2024-12-12 15:00:00+01:00,221.52,160.7093
2024-12-12 16:00:00+01:00,238.69,169.76881
2024-12-12 17:00:00+01:00,264.88,172.64896
2024-12-12 18:00:00+01:00,277.41,172.17822
2024-12-12 19:00:00+01:00,251.87,170.22375
2024-12-12 20:00:00+01:00,220.0,168.38058
2024-12-12 21:00:00+01:00,186.09,158.1919
2024-12-12 22:00:00+01:00,150.09,143.77608
2024-12-12 23:00:00+01:00,137.04,127.26394
2024-12-13 00:00:00+01:00,131.85,115.82621
2024-12-13 01:00:00+01:00,129.07,118.41491
2024-12-13 02:00:00+01:00,122.04,123.0516
2024-12-13 03:00:00+01:00,119.15,122.064186
2024-12-13 04:00:00+01:00,121.07,123.40052
2024-12-13 05:00:00+01:00,131.61,127.95535
2024-12-13 06:00:00+01:00,158.44,136.78767
2024-12-13 07:00:00+01:00,203.62,150.35905
2024-12-13 08:00:00+01:00,239.78,164.29884
2024-12-13 09:00:00+01:00,230.65,165.18387
2024-12-13 10:00:00+01:00,154.46,154.92699
2024-12-13 11:00:00+01:00,147.06,130.36028
2024-12-13 12:00:00+01:00,147.06,128.14114
2024-12-13 13:00:00+01:00,167.81,130.22827
2024-12-13 14:00:00+01:00,176.75,140.87724
2024-12-13 15:00:00+01:00,203.57,155.52199
2024-12-13 16:00:00+01:00,232.05,169.88591
2024-12-13 17:00:00+01:00,339.27,172.21136
2024-12-13 18:00:00+01:00,280.07,167.3084
2024-12-13 19:00:00+01:00,239.18,172.8939
2024-12-13 20:00:00+01:00,185.93,168.2163
2024-12-13 21:00:00+01:00,162.97,146.4402
2024-12-13 22:00:00+01:00,149.86,129.98442
2024-12-13 23:00:00+01:00,131.71,118.3113
2024-12-14 00:00:00+01:00,121.05,111.211266
2024-12-14 01:00:00+01:00,113.86,112.79235
2024-12-14 02:00:00+01:00,104.91,110.57429
2024-12-14 03:00:00+01:00,104.3,107.909035
2024-12-14 04:00:00+01:00,104.53,110.25846
2024-12-14 05:00:00+01:00,105.12,111.79084
2024-12-14 06:00:00+01:00,121.82,114.84513
2024-12-14 07:00:00+01:00,130.06,128.30667
2024-12-14 08:00:00+01:00,158.95,129.78459
2024-12-14 09:00:00+01:00,146.94,143.38435
2024-12-14 10:00:00+01:00,139.5,123.41813
2024-12-14 11:00:00+01:00,130.77,115.93987
2024-12-14 12:00:00+01:00,125.31,118.5754
2024-12-14 13:00:00+01:00,125.4,119.11779
2024-12-14 14:00:00+01:00,127.58,126.4433
2024-12-14 15:00:00+01:00,133.58,131.08823
2024-12-14 16:00:00+01:00,150.05,136.9999
2024-12-14 17:00:00+01:00,159.07,143.59006
2024-12-14 18:00:00+01:00,151.09,149.29066
2024-12-14 19:00:00+01:00,153.09,149.03883
2024-12-14 20:00:00+01:00,139.11,131.35521
2024-12-14 21:00:00+01:00,125.07,106.756294
2024-12-14 22:00:00+01:00,111.66,99.11798
2024-12-14 23:00:00+01:00,97.98,94.55095
2024-12-15 00:00:00+01:00,97.24,88.43578
2024-12-15 01:00:00+01:00,88.85,84.24625
2024-12-15 02:00:00+01:00,74.2,77.97249
2024-12-15 03:00:00+01:00,70.01,72.629395
2024-12-15 04:00:00+01:00,65.75,79.29836
2024-12-15 05:00:00+01:00,70.06,79.4239
2024-12-15 06:00:00+01:00,80.01,78.402565
2024-12-15 07:00:00+01:00,90.8,87.27262
2024-12-15 08:00:00+01:00,90.86,95.95376
2024-12-15 09:00:00+01:00,104.91,93.36317
2024-12-15 10:00:00+01:00,104.57,101.97731
2024-12-15 11:00:00+01:00,100.93,96.30813
2024-12-15 12:00:00+01:00,104.62,100.630135
2024-12-15 13:00:00+01:00,104.36,106.67504
2024-12-15 14:00:00+01:00,111.12,109.746475
2024-12-15 15:00:00+01:00,120.02,116.905464
2024-12-15 16:00:00+01:00,130.07,123.222755
2024-12-15 17:00:00+01:00,144.11,131.52097
2024-12-15 18:00:00+01:00,146.8,134.55249
2024-12-15 19:00:00+01:00,146.81,120.54062
2024-12-15 20:00:00+01:00,144.05,115.65815
2024-12-15 21:00:00+01:00,94.95,110.44306
2024-12-15 22:00:00+01:00,97.75,101.06427
2024-12-15 23:00:00+01:00,81.45,96.954994
2024-12-16 00:00:00+01:00,83.68,88.48848
2024-12-16 01:00:00+01:00,62.19,88.86737
2024-12-16 02:00:00+01:00,42.07,63.827
2024-12-16 03:00:00+01:00,41.97,54.96821
2024-12-16 04:00:00+01:00,48.76,65.29245
2024-12-16 05:00:00+01:00,79.02,75.01722
2024-12-16 06:00:00+01:00,118.67,103.509766
2024-12-16 07:00:00+01:00,139.56,129.46889
2024-12-16 08:00:00+01:00,139.32,137.82013
2024-12-16 09:00:00+01:00,132.62,134.03505
2024-12-16 10:00:00+01:00,125.0,125.97673
2024-12-16 11:00:00+01:00,116.07,118.85876
2024-12-16 12:00:00+01:00,111.5,115.22427
2024-12-16 13:00:00+01:00,111.93,114.65225
2024-12-16 14:00:00+01:00,113.5,117.93153
2024-12-16 15:00:00+01:00,132.33,125.37356
2024-12-16 16:00:00+01:00,146.74,143.04399
2024-12-16 17:00:00+01:00,146.96,151.55275
2024-12-16 18:00:00+01:00,146.96,145.84265
2024-12-16 19:00:00+01:00,146.96,141.90813
2024-12-16 20:00:00+01:00,146.57,137.53792
2024-12-16 21:00:00+01:00,132.35,131.6555
2024-12-16 22:00:00+01:00,132.07,115.80163
2024-12-16 23:00:00+01:00,125.15,119.49554
2024-12-17 00:00:00+01:00,113.25,113.11783
2024-12-17 01:00:00+01:00,100.02,104.91401
2024-12-17 02:00:00+01:00,95.47,98.78483
2024-12-17 03:00:00+01:00,93.09,103.36359
2024-12-17 04:00:00+01:00,97.08,108.626396
2024-12-17 05:00:00+01:00,113.8,116.373726
2024-12-17 06:00:00+01:00,163.09,130.2497
2024-12-17 07:00:00+01:00,176.26,155.54854
2024-12-17 08:00:00+01:00,176.05,155.61667
2024-12-17 09:00:00+01:00,149.21,153.1165
2024-12-17 10:00:00+01:00,126.15,134.93886
2024-12-17 11:00:00+01:00,122.01,119.868774
2024-12-17 12:00:00+01:00,113.72,122.137505
2024-12-17 13:00:00+01:00,122.43,117.17133
2024-12-17 14:00:00+01:00,131.73,128.54951
2024-12-17 15:00:00+01:00,158.21,139.26013
2024-12-17 16:00:00+01:00,175.09,160.14833
2024-12-17 17:00:00+01:00,181.8,165.27284
2024-12-17 18:00:00+01:00,180.0,165.04541
2024-12-17 19:00:00+01:00,176.13,160.85912
2024-12-17 20:00:00+01:00,153.07,155.07967
2024-12-17 21:00:00+01:00,136.15,136.93794
2024-12-17 22:00:00+01:00,131.42,123.39037
2024-12-17 23:00:00+01:00,129.47,123.18321
2024-12-18 00:00:00+01:00,115.45,120.025
2024-12-18 01:00:00+01:00,111.44,107.82834
2024-12-18 02:00:00+01:00,105.27,108.63251
2024-12-18 03:00:00+01:00,104.14,109.984146
2024-12-18 04:00:00+01:00,111.24,114.90264
2024-12-18 05:00:00+01:00,125.92,124.61979
2024-12-18 06:00:00+01:00,132.28,138.1652
2024-12-18 07:00:00+01:00,174.49,142.91653
2024-12-18 08:00:00+01:00,181.08,161.63528
2024-12-18 09:00:00+01:00,160.01,157.15495
2024-12-18 10:00:00+01:00,125.11,140.5369
2024-12-18 11:00:00+01:00,118.14,112.96767
2024-12-18 12:00:00+01:00,118.1,118.573265
2024-12-18 13:00:00+01:00,120.0,120.387566
2024-12-18 14:00:00+01:00,132.89,126.26117
2024-12-18 15:00:00+01:00,160.97,140.74951
2024-12-18 16:00:00+01:00,192.07,167.07837
2024-12-18 17:00:00+01:00,210.26,170.70651
2024-12-18 18:00:00+01:00,206.4,174.3599
2024-12-18 19:00:00+01:00,198.85,163.26758
2024-12-18 20:00:00+01:00,145.75,162.01982
2024-12-18 21:00:00+01:00,132.19,119.90247
2024-12-18 22:00:00+01:00,119.99,121.95255
2024-12-18 23:00:00+01:00,125.28,113.137665
2024-12-19 00:00:00+01:00,104.72,118.11655
2024-12-19 01:00:00+01:00,104.66,96.23691
2024-12-19 02:00:00+01:00,97.81,104.816475
2024-12-19 03:00:00+01:00,97.56,104.07031
2024-12-19 04:00:00+01:00,100.04,109.89903
2024-12-19 05:00:00+01:00,118.92,115.02392
2024-12-19 06:00:00+01:00,150.0,132.94144
2024-12-19 07:00:00+01:00,208.02,151.69446
2024-12-19 08:00:00+01:00,181.22,170.80348
2024-12-19 09:00:00+01:00,153.32,151.16457
2024-12-19 10:00:00+01:00,122.02,134.79544
2024-12-19 11:00:00+01:00,118.04,110.42468
2024-12-19 12:00:00+01:00,111.8,118.74381
2024-12-19 13:00:00+01:00,118.17,112.51963
2024-12-19 14:00:00+01:00,120.0,124.15119
2024-12-19 15:00:00+01:00,126.88,132.26952
2024-12-19 16:00:00+01:00,157.75,146.66284
2024-12-19 17:00:00+01:00,146.86,162.52853
2024-12-19 18:00:00+01:00,142.45,147.35292
2024-12-19 19:00:00+01:00,129.69,141.76112
2024-12-19 20:00:00+01:00,120.0,122.74978
2024-12-19 21:00:00+01:00,119.99,109.746895
2024-12-19 22:00:00+01:00,120.96,109.98932
2024-12-19 23:00:00+01:00,101.04,109.26628
2024-12-20 00:00:00+01:00,90.8,96.684555
2024-12-20 01:00:00+01:00,76.82,89.85618
2024-12-20 02:00:00+01:00,62.86,84.550415
2024-12-20 03:00:00+01:00,66.44,79.90326
2024-12-20 04:00:00+01:00,69.85,88.25191
2024-12-20 05:00:00+01:00,83.92,92.6574
2024-12-20 06:00:00+01:00,111.94,106.07416
2024-12-20 07:00:00+01:00,128.83,126.23341
2024-12-20 08:00:00+01:00,132.03,135.21266
2024-12-20 09:00:00+01:00,124.95,130.73868
2024-12-20 10:00:00+01:00,111.71,115.29705
2024-12-20 11:00:00+01:00,98.01,98.09678
2024-12-20 12:00:00+01:00,97.69,96.86646
2024-12-20 13:00:00+01:00,104.71,101.72213
2024-12-20 14:00:00+01:00,118.35,113.6555
2024-12-20 15:00:00+01:00,125.95,126.62618
2024-12-20 16:00:00+01:00,139.16,141.86894
2024-12-20 17:00:00+01:00,139.71,148.92957
2024-12-20 18:00:00+01:00,132.93,149.1824
2024-12-20 19:00:00+01:00,132.38,126.61665
2024-12-20 20:00:00+01:00,125.07,123.12508
2024-12-20 21:00:00+01:00,114.08,108.19171
2024-12-20 22:00:00+01:00,104.26,103.67839
2024-12-20 23:00:00+01:00,89.07,97.65466
2024-12-21 00:00:00+01:00,76.92,88.584015
2024-12-21 01:00:00+01:00,75.07,79.19611
2024-12-21 02:00:00+01:00,62.24,81.41504
2024-12-21 03:00:00+01:00,55.26,73.707184
2024-12-21 04:00:00+01:00,55.31,73.14386
2024-12-21 05:00:00+01:00,69.54,74.25254
2024-12-21 06:00:00+01:00,77.34,87.679085
2024-12-21 07:00:00+01:00,97.1,93.091385
2024-12-21 08:00:00+01:00,92.76,103.91795
2024-12-21 09:00:00+01:00,89.55,92.32115
2024-12-21 10:00:00+01:00,87.95,86.8639
2024-12-21 11:00:00+01:00,69.91,85.416985
2024-12-21 12:00:00+01:00,80.1,75.45153
2024-12-21 13:00:00+01:00,85.2,91.04891
2024-12-21 14:00:00+01:00,94.9,93.089386
2024-12-21 15:00:00+01:00,111.3,99.5022
2024-12-21 16:00:00+01:00,137.15,119.846825
2024-12-21 17:00:00+01:00,153.4,138.8899
2024-12-21 18:00:00+01:00,146.52,139.574
2024-12-21 19:00:00+01:00,140.32,128.8693
2024-12-21 20:00:00+01:00,132.8,122.65879
2024-12-21 21:00:00+01:00,110.02,113.47529
2024-12-21 22:00:00+01:00,104.22,98.21075
2024-12-21 23:00:00+01:00,90.01,98.004395
2024-12-22 00:00:00+01:00,62.79,90.05925
2024-12-22 01:00:00+01:00,55.08,72.144554
2024-12-22 02:00:00+01:00,34.93,68.5018
2024-12-22 03:00:00+01:00,35.01,55.437794
2024-12-22 04:00:00+01:00,41.27,58.183014
2024-12-22 05:00:00+01:00,48.88,60.687954
2024-12-22 06:00:00+01:00,69.7,66.03474
2024-12-22 07:00:00+01:00,90.0,81.3829
2024-12-22 08:00:00+01:00,90.0,95.36299
2024-12-22 09:00:00+01:00,90.0,90.51375
2024-12-22 10:00:00+01:00,85.79,94.47475
2024-12-22 11:00:00+01:00,79.09,89.17219
2024-12-22 12:00:00+01:00,79.27,87.654915
2024-12-22 13:00:00+01:00,76.27,94.70785
2024-12-22 14:00:00+01:00,97.24,93.9357
2024-12-22 15:00:00+01:00,111.97,108.77145
2024-12-22 16:00:00+01:00,118.5,120.05218
2024-12-22 17:00:00+01:00,125.47,126.30498
2024-12-22 18:00:00+01:00,129.0,126.1505
2024-12-22 19:00:00+01:00,132.5,121.6025
2024-12-22 20:00:00+01:00,125.5,120.17992
2024-12-22 21:00:00+01:00,113.5,111.265114
2024-12-22 22:00:00+01:00,90.14,98.84649
2024-12-22 23:00:00+01:00,76.08,91.33681
2024-12-23 00:00:00+01:00,69.92,84.12056
2024-12-23 01:00:00+01:00,62.65,78.96939
2024-12-23 02:00:00+01:00,52.07,67.36892
2024-12-23 03:00:00+01:00,55.05,63.308167
2024-12-23 04:00:00+01:00,54.05,74.7729
2024-12-23 05:00:00+01:00,74.01,79.31853
2024-12-23 06:00:00+01:00,126.95,101.96985
2024-12-23 07:00:00+01:00,139.76,136.29
2024-12-23 08:00:00+01:00,135.08,138.72198
2024-12-23 09:00:00+01:00,115.07,129.8369
2024-12-23 10:00:00+01:00,108.57,115.85521
2024-12-23 11:00:00+01:00,101.77,109.47743
2024-12-23 12:00:00+01:00,104.83,104.311195
2024-12-23 13:00:00+01:00,104.97,111.60867
2024-12-23 14:00:00+01:00,118.86,113.466385
2024-12-23 15:00:00+01:00,129.99,132.5068
2024-12-23 16:00:00+01:00,139.82,140.41563
2024-12-23 17:00:00+01:00,140.06,149.66203
2024-12-23 18:00:00+01:00,136.04,144.8408
2024-12-23 19:00:00+01:00,132.38,137.98918
2024-12-23 20:00:00+01:00,129.99,131.10411
2024-12-23 21:00:00+01:00,120.0,124.66315
2024-12-23 22:00:00+01:00,96.06,112.07313
2024-12-23 23:00:00+01:00,90.74,95.87951
2024-12-24 00:00:00+01:00,90.95,95.103676
2024-12-24 01:00:00+01:00,83.97,90.75992
2024-12-24 02:00:00+01:00,76.65,88.805
2024-12-24 03:00:00+01:00,76.33,89.666405
2024-12-24 04:00:00+01:00,76.41,96.30059
2024-12-24 05:00:00+01:00,83.96,100.29421
2024-12-24 06:00:00+01:00,104.31,109.55724
2024-12-24 07:00:00+01:00,117.05,127.19199
2024-12-24 08:00:00+01:00,125.18,128.17966
2024-12-24 09:00:00+01:00,121.01,122.222404
2024-12-24 10:00:00+01:00,113.94,112.64901
2024-12-24 11:00:00+01:00,111.43,109.04909
2024-12-24 12:00:00+01:00,111.0,110.358086
2024-12-24 13:00:00+01:00,111.25,112.85368
2024-12-24 14:00:00+01:00,111.61,116.8822
2024-12-24 15:00:00+01:00,118.23,121.95875
2024-12-24 16:00:00+01:00,133.95,130.4764
2024-12-24 17:00:00+01:00,139.99,149.14247
2024-12-24 18:00:00+01:00,139.88,144.35416
2024-12-24 19:00:00+01:00,139.25,140.03545
2024-12-24 20:00:00+01:00,118.89,134.80174
2024-12-24 21:00:00+01:00,111.56,113.03486
2024-12-24 22:00:00+01:00,105.95,108.141
2024-12-24 23:00:00+01:00,103.45,102.39731
2024-12-25 00:00:00+01:00,90.77,102.77193
2024-12-25 01:00:00+01:00,86.98,90.41774
2024-12-25 02:00:00+01:00,83.27,92.264046
2024-12-25 03:00:00+01:00,76.58,94.03063
2024-12-25 04:00:00+01:00,76.23,94.43801
2024-12-25 05:00:00+01:00,76.86,98.21727
2024-12-25 06:00:00+01:00,76.93,101.85792
2024-12-25 07:00:00+01:00,91.73,103.11814
2024-12-25 08:00:00+01:00,97.72,113.74788
2024-12-25 09:00:00+01:00,97.84,102.628365
2024-12-25 10:00:00+01:00,97.72,95.31967
2024-12-25 11:00:00+01:00,97.48,90.92527
2024-12-25 12:00:00+01:00,90.97,95.35734
2024-12-25 13:00:00+01:00,90.83,93.53796
2024-12-25 14:00:00+01:00,90.74,101.64278
2024-12-25 15:00:00+01:00,104.71,104.43356
2024-12-25 16:00:00+01:00,114.06,123.74025
2024-12-25 17:00:00+01:00,130.05,134.34229
2024-12-25 18:00:00+01:00,130.05,138.54462
2024-12-25 19:00:00+01:00,125.1,130.02763
2024-12-25 20:00:00+01:00,111.87,121.69133
2024-12-25 21:00:00+01:00,104.96,103.51546
2024-12-25 22:00:00+01:00,104.85,101.25312
2024-12-25 23:00:00+01:00,97.97,99.645294
2024-12-26 00:00:00+01:00,100.02,97.30381
2024-12-26 01:00:00+01:00,97.1,94.92486
2024-12-26 02:00:00+01:00,91.91,96.12718
2024-12-26 03:00:00+01:00,85.02,97.08669
2024-12-26 04:00:00+01:00,85.02,97.17262
2024-12-26 05:00:00+01:00,90.02,101.29985
2024-12-26 06:00:00+01:00,100.02,108.12864
2024-12-26 07:00:00+01:00,111.01,116.966545
2024-12-26 08:00:00+01:00,120.02,125.63126
2024-12-26 09:00:00+01:00,112.01,116.18916
2024-12-26 10:00:00+01:00,108.09,105.586586
2024-12-26 11:00:00+01:00,105.09,100.54536
2024-12-26 12:00:00+01:00,105.04,103.445656
2024-12-26 13:00:00+01:00,106.05,105.98777
2024-12-26 14:00:00+01:00,110.05,111.299515
2024-12-26 15:00:00+01:00,118.11,120.19416
2024-12-26 16:00:00+01:00,126.0,130.63094
2024-12-26 17:00:00+01:00,135.09,142.55278
2024-12-26 18:00:00+01:00,139.99,140.51202
2024-12-26 19:00:00+01:00,137.05,139.20996
2024-12-26 20:00:00+01:00,129.04,131.4362
2024-12-26 21:00:00+01:00,125.1,121.770645
2024-12-26 22:00:00+01:00,120.08,119.52941
2024-12-26 23:00:00+01:00,111.8,115.18154
2024-12-27 00:00:00+01:00,116.14,107.78723
2024-12-27 01:00:00+01:00,110.96,108.88007
2024-12-27 02:00:00+01:00,106.14,106.22255
2024-12-27 03:00:00+01:00,104.97,108.50942
2024-12-27 04:00:00+01:00,106.14,113.0386
2024-12-27 05:00:00+01:00,111.88,117.33061
2024-12-27 06:00:00+01:00,125.91,123.645294
2024-12-27 07:00:00+01:00,139.87,134.43286
2024-12-27 08:00:00+01:00,149.06,141.85793
2024-12-27 09:00:00+01:00,140.0,139.3308
2024-12-27 10:00:00+01:00,132.96,129.78351
2024-12-27 11:00:00+01:00,127.32,124.41453
2024-12-27 12:00:00+01:00,119.4,119.73228
2024-12-27 13:00:00+01:00,119.4,117.99676
2024-12-27 14:00:00+01:00,123.08,122.23757
2024-12-27 15:00:00+01:00,141.04,133.89464
2024-12-27 16:00:00+01:00,153.42,147.58788
2024-12-27 17:00:00+01:00,168.08,157.14212
2024-12-27 18:00:00+01:00,161.0,160.88152
2024-12-27 19:00:00+01:00,153.04,152.22104
2024-12-27 20:00:00+01:00,144.27,145.44185
2024-12-27 21:00:00+01:00,138.02,135.73303
2024-12-27 22:00:00+01:00,132.36,129.78821
2024-12-27 23:00:00+01:00,125.64,124.8981
2024-12-28 00:00:00+01:00,120.05,119.26747
2024-12-28 01:00:00+01:00,115.03,113.9476
2024-12-28 02:00:00+01:00,111.23,112.22231
2024-12-28 03:00:00+01:00,107.15,112.78503
2024-12-28 04:00:00+01:00,109.04,112.911705
2024-12-28 05:00:00+01:00,111.86,117.24522
2024-12-28 06:00:00+01:00,120.05,121.35309
2024-12-28 07:00:00+01:00,130.06,127.51117
2024-12-28 08:00:00+01:00,138.04,134.2202
2024-12-28 09:00:00+01:00,132.86,133.03577
2024-12-28 10:00:00+01:00,118.66,124.55516
2024-12-28 11:00:00+01:00,116.06,113.36036
2024-12-28 12:00:00+01:00,110.08,115.62865
2024-12-28 13:00:00+01:00,113.02,112.00317
2024-12-28 14:00:00+01:00,119.0,123.9718
2024-12-28 15:00:00+01:00,137.05,132.62073
2024-12-28 16:00:00+01:00,155.03,148.16977
2024-12-28 17:00:00+01:00,162.03,156.94348
2024-12-28 18:00:00+01:00,160.81,154.85277
2024-12-28 19:00:00+01:00,158.47,147.3486
2024-12-28 20:00:00+01:00,146.7,141.25885
2024-12-28 21:00:00+01:00,139.04,129.34349
2024-12-28 22:00:00+01:00,130.55,122.40963
2024-12-28 23:00:00+01:00,119.04,116.67928
2024-12-29 00:00:00+01:00,114.1,108.21091
2024-12-29 01:00:00+01:00,109.79,102.90473
2024-12-29 02:00:00+01:00,97.82,102.925545
2024-12-29 03:00:00+01:00,93.87,97.25529
2024-12-29 04:00:00+01:00,91.14,100.8529
2024-12-29 05:00:00+01:00,91.89,101.795
2024-12-29 06:00:00+01:00,97.24,104.31408
2024-12-29 07:00:00+01:00,117.34,110.54865
2024-12-29 08:00:00+01:00,106.41,125.30347
2024-12-29 09:00:00+01:00,100.01,106.61033
2024-12-29 10:00:00+01:00,100.01,100.5534
2024-12-29 11:00:00+01:00,100.0,98.402794
2024-12-29 12:00:00+01:00,100.0,98.05217
2024-12-29 13:00:00+01:00,100.0,102.84987
2024-12-29 14:00:00+01:00,100.01,110.23139
2024-12-29 15:00:00+01:00,120.59,114.28933
2024-12-29 16:00:00+01:00,144.5,138.80261
2024-12-29 17:00:00+01:00,157.39,148.91641
2024-12-29 18:00:00+01:00,155.49,149.74258
2024-12-29 19:00:00+01:00,150.0,141.93411
2024-12-29 20:00:00+01:00,159.08,134.60057
2024-12-29 21:00:00+01:00,134.06,136.09044
2024-12-29 22:00:00+01:00,124.09,114.77751
2024-12-29 23:00:00+01:00,109.06,111.23896
2024-12-30 00:00:00+01:00,121.11,101.130516
2024-12-30 01:00:00+01:00,113.14,114.49445
2024-12-30 02:00:00+01:00,112.61,104.57447
2024-12-30 03:00:00+01:00,111.1,111.892365
2024-12-30 04:00:00+01:00,110.85,116.50162
2024-12-30 05:00:00+01:00,112.91,120.69784
2024-12-30 06:00:00+01:00,131.14,126.46452
2024-12-30 07:00:00+01:00,151.35,141.3196
2024-12-30 08:00:00+01:00,152.45,148.65384
2024-12-30 09:00:00+01:00,136.84,142.809
2024-12-30 10:00:00+01:00,106.39,129.50516
2024-12-30 11:00:00+01:00,108.87,106.39623
2024-12-30 12:00:00+01:00,109.07,113.12354
2024-12-30 13:00:00+01:00,118.8,114.86113
2024-12-30 14:00:00+01:00,123.56,128.81848
2024-12-30 15:00:00+01:00,142.57,135.93181
2024-12-30 16:00:00+01:00,150.0,151.59402
2024-12-30 17:00:00+01:00,166.62,154.17085
2024-12-30 18:00:00+01:00,162.95,158.14969
2024-12-30 19:00:00+01:00,158.04,149.77112
2024-12-30 20:00:00+01:00,150.29,143.49031
2024-12-30 21:00:00+01:00,159.68,135.01106
2024-12-30 22:00:00+01:00,145.81,137.3347
2024-12-30 23:00:00+01:00,132.92,124.923
2024-12-31 00:00:00+01:00,139.11,120.02606
2024-12-31 01:00:00+01:00,120.01,124.14068
2024-12-31 02:00:00+01:00,115.16,111.37016
2024-12-31 03:00:00+01:00,111.45,116.58181
2024-12-31 04:00:00+01:00,119.28,118.62694
2024-12-31 05:00:00+01:00,135.85,127.443474
2024-12-31 06:00:00+01:00,159.25,138.87895
2024-12-31 07:00:00+01:00,171.0,152.22804
2024-12-31 08:00:00+01:00,159.71,156.7043
2024-12-31 09:00:00+01:00,144.03,143.17117
2024-12-31 10:00:00+01:00,120.01,133.58633
2024-12-31 11:00:00+01:00,120.01,115.10218
2024-12-31 12:00:00+01:00,120.01,124.303444
2024-12-31 13:00:00+01:00,120.01,124.87004
2024-12-31 14:00:00+01:00,127.32,127.414986
2024-12-31 15:00:00+01:00,163.09,140.83315
2024-12-31 16:00:00+01:00,163.7,161.22054
2024-12-31 17:00:00+01:00,179.97,162.45503
2024-12-31 18:00:00+01:00,171.31,167.30898
2024-12-31 19:00:00+01:00,187.3,157.41525
2024-12-31 20:00:00+01:00,171.85,162.50174
2024-12-31 21:00:00+01:00,166.3,147.39206
2024-12-31 22:00:00+01:00,155.36,143.51666
2024-12-31 23:00:00+01:00,137.97,134.6371
2025-01-01 00:00:00+01:00,120.01,124.27792
2025-01-01 01:00:00+01:00,120.01,114.76693
2025-01-01 02:00:00+01:00,120.01,119.0155
2025-01-01 03:00:00+01:00,115.37,123.94083
2025-01-01 04:00:00+01:00,82.2,124.37935
2025-01-01 05:00:00+01:00,87.54,104.35464
2025-01-01 06:00:00+01:00,109.27,113.875114
2025-01-01 07:00:00+01:00,120.04,126.626755
2025-01-01 08:00:00+01:00,100.01,129.94267
2025-01-01 09:00:00+01:00,119.72,106.49005
2025-01-01 10:00:00+01:00,113.7,117.48314
2025-01-01 11:00:00+01:00,111.23,104.89591
2025-01-01 12:00:00+01:00,107.39,109.62831
2025-01-01 13:00:00+01:00,105.8,107.223854
2025-01-01 14:00:00+01:00,104.5,109.7114
2025-01-01 15:00:00+01:00,113.67,113.73205
2025-01-01 16:00:00+01:00,154.78,128.32883
2025-01-01 17:00:00+01:00,170.04,148.95375
2025-01-01 18:00:00+01:00,166.32,150.13834
2025-01-01 19:00:00+01:00,145.92,142.48647
2025-01-01 20:00:00+01:00,135.88,127.776115
2025-01-01 21:00:00+01:00,127.29,118.85384
2025-01-01 22:00:00+01:00,129.5,113.13487
2025-01-01 23:00:00+01:00,120.01,113.52873
2025-01-02 00:00:00+01:00,120.0,106.04091
2025-01-02 01:00:00+01:00,115.9,107.58212
2025-01-02 02:00:00+01:00,117.8,105.28239
2025-01-02 03:00:00+01:00,114.61,112.09432
2025-01-02 04:00:00+01:00,113.81,112.17145
2025-01-02 05:00:00+01:00,119.81,115.5546
2025-01-02 06:00:00+01:00,115.29,123.97671
2025-01-02 07:00:00+01:00,127.69,121.82414
2025-01-02 08:00:00+01:00,131.88,131.17236
2025-01-02 09:00:00+01:00,128.08,126.22599
2025-01-02 10:00:00+01:00,130.03,120.15923
2025-01-02 11:00:00+01:00,122.07,118.3761
2025-01-02 12:00:00+01:00,120.08,114.895256
2025-01-02 13:00:00+01:00,124.05,116.26446
2025-01-02 14:00:00+01:00,139.23,121.05069
2025-01-02 15:00:00+01:00,145.81,135.576
2025-01-02 16:00:00+01:00,162.02,141.25677
2025-01-02 17:00:00+01:00,174.01,149.42226
2025-01-02 18:00:00+01:00,174.91,150.76888
2025-01-02 19:00:00+01:00,170.61,146.27318
2025-01-02 20:00:00+01:00,149.72,141.45036
2025-01-02 21:00:00+01:00,138.43,125.42091
2025-01-02 22:00:00+01:00,122.01,120.57105
2025-01-02 23:00:00+01:00,111.3,110.03759
2025-01-03 00:00:00+01:00,109.19,104.49382
2025-01-03 01:00:00+01:00,103.99,102.90149
2025-01-03 02:00:00+01:00,104.09,100.60305
2025-01-03 03:00:00+01:00,103.48,105.83094
2025-01-03 04:00:00+01:00,101.4,107.79696
2025-01-03 05:00:00+01:00,109.91,106.98096
2025-01-03 06:00:00+01:00,119.88,116.45654
2025-01-03 07:00:00+01:00,145.97,124.142784
2025-01-03 08:00:00+01:00,146.02,140.86888
2025-01-03 09:00:00+01:00,129.08,131.37013
2025-01-03 10:00:00+01:00,129.99,121.3708
2025-01-03 11:00:00+01:00,129.99,123.89504
2025-01-03 12:00:00+01:00,127.42,119.99529
2025-01-03 13:00:00+01:00,126.95,123.941864
2025-01-03 14:00:00+01:00,128.8,124.54727
2025-01-03 15:00:00+01:00,144.53,127.73681
2025-01-03 16:00:00+01:00,167.22,142.97559
2025-01-03 17:00:00+01:00,166.08,153.51015
2025-01-03 18:00:00+01:00,161.19,148.40955
2025-01-03 19:00:00+01:00,160.03,141.3816
2025-01-03 20:00:00+01:00,155.07,136.44313
2025-01-03 21:00:00+01:00,143.42,129.62285
2025-01-03 22:00:00+01:00,141.66,121.19151
2025-01-03 23:00:00+01:00,129.94,121.5867
2025-01-04 00:00:00+01:00,122.99,114.17979
2025-01-04 01:00:00+01:00,114.71,111.4666
2025-01-04 02:00:00+01:00,102.0,108.09777
2025-01-04 03:00:00+01:00,98.06,104.775955
2025-01-04 04:00:00+01:00,100.81,105.8671
2025-01-04 05:00:00+01:00,105.49,110.34181
2025-01-04 06:00:00+01:00,129.92,114.651825
2025-01-04 07:00:00+01:00,143.11,130.89243
2025-01-04 08:00:00+01:00,143.56,137.04497
2025-01-04 09:00:00+01:00,139.51,131.71268
2025-01-04 10:00:00+01:00,135.05,126.12376
2025-01-04 11:00:00+01:00,125.01,122.56372
2025-01-04 12:00:00+01:00,123.24,118.49489
2025-01-04 13:00:00+01:00,125.0,120.9046
2025-01-04 14:00:00+01:00,128.35,125.52078
2025-01-04 15:00:00+01:00,150.01,133.44461
2025-01-04 16:00:00+01:00,170.08,149.39397
2025-01-04 17:00:00+01:00,190.08,157.67369
2025-01-04 18:00:00+01:00,200.95,161.29651
2025-01-04 19:00:00+01:00,188.54,161.47443
2025-01-04 20:00:00+01:00,173.64,152.06815
2025-01-04 21:00:00+01:00,159.71,141.81508
2025-01-04 22:00:00+01:00,143.01,133.31863
2025-01-04 23:00:00+01:00,136.01,122.519585
2025-01-05 00:00:00+01:00,134.01,119.55565
2025-01-05 01:00:00+01:00,123.1,117.85679
2025-01-05 02:00:00+01:00,107.26,113.42507
2025-01-05 03:00:00+01:00,102.46,108.490555
2025-01-05 04:00:00+01:00,111.14,111.40436
2025-01-05 05:00:00+01:00,110.04,120.20219
2025-01-05 06:00:00+01:00,129.04,119.86313
2025-01-05 07:00:00+01:00,143.92,135.93051
2025-01-05 08:00:00+01:00,135.04,143.86229
2025-01-05 09:00:00+01:00,133.06,128.66238
2025-01-05 10:00:00+01:00,133.8,126.881584
2025-01-05 11:00:00+01:00,126.08,127.026024
2025-01-05 12:00:00+01:00,125.93,123.57726
2025-01-05 13:00:00+01:00,125.73,127.3272
2025-01-05 14:00:00+01:00,132.27,128.92618
2025-01-05 15:00:00+01:00,150.07,138.38878
2025-01-05 16:00:00+01:00,155.94,152.47107
2025-01-05 17:00:00+01:00,167.88,154.17955
2025-01-05 18:00:00+01:00,167.94,155.62515
2025-01-05 19:00:00+01:00,169.9,149.10416
2025-01-05 20:00:00+01:00,165.82,145.613
2025-01-05 21:00:00+01:00,153.44,139.79355
2025-01-05 22:00:00+01:00,138.94,127.2107
2025-01-05 23:00:00+01:00,135.0,119.25772
2025-01-06 00:00:00+01:00,113.05,117.49267
2025-01-06 01:00:00+01:00,90.91,109.06275
2025-01-06 02:00:00+01:00,83.42,94.815926
2025-01-06 03:00:00+01:00,76.63,97.06823
2025-01-06 04:00:00+01:00,90.58,96.24862
2025-01-06 05:00:00+01:00,104.83,110.4519
2025-01-06 06:00:00+01:00,125.32,119.49852
2025-01-06 07:00:00+01:00,143.97,134.83496
2025-01-06 08:00:00+01:00,132.52,143.5942
2025-01-06 09:00:00+01:00,125.7,127.69857
2025-01-06 10:00:00+01:00,118.76,123.89197
2025-01-06 11:00:00+01:00,118.87,112.756966
2025-01-06 12:00:00+01:00,118.57,116.72793
2025-01-06 13:00:00+01:00,118.38,117.2389
2025-01-06 14:00:00+01:00,121.48,119.60401
2025-01-06 15:00:00+01:00,149.27,126.50779
2025-01-06 16:00:00+01:00,175.96,146.14984
2025-01-06 17:00:00+01:00,174.59,157.62225
2025-01-06 18:00:00+01:00,174.87,153.58673
2025-01-06 19:00:00+01:00,161.57,150.43036
2025-01-06 20:00:00+01:00,146.26,137.99512
2025-01-06 21:00:00+01:00,132.35,126.36338
2025-01-06 22:00:00+01:00,125.49,118.032455
2025-01-06 23:00:00+01:00,111.64,112.43278
2025-01-07 00:00:00+01:00,104.12,104.50763
2025-01-07 01:00:00+01:00,83.37,100.52146
2025-01-07 02:00:00+01:00,69.08,86.83513
2025-01-07 03:00:00+01:00,76.02,84.712524
2025-01-07 04:00:00+01:00,72.04,94.63441
2025-01-07 05:00:00+01:00,97.7,94.60472
2025-01-07 06:00:00+01:00,137.76,115.954315
2025-01-07 07:00:00+01:00,153.32,140.78964
2025-01-07 08:00:00+01:00,146.95,144.51978
2025-01-07 09:00:00+01:00,139.29,135.50618
2025-01-07 10:00:00+01:00,104.74,127.85967
2025-01-07 11:00:00+01:00,99.79,102.18351
2025-01-07 12:00:00+01:00,106.29,105.72349
2025-01-07 13:00:00+01:00,104.69,111.31454
2025-01-07 14:00:00+01:00,125.77,110.51769
2025-01-07 15:00:00+01:00,139.1,129.81157
2025-01-07 16:00:00+01:00,160.64,142.70387
2025-01-07 17:00:00+01:00,168.0,149.82556
2025-01-07 18:00:00+01:00,167.31,150.3673
2025-01-07 19:00:00+01:00,160.53,144.53644
2025-01-07 20:00:00+01:00,160.22,138.32979
2025-01-07 21:00:00+01:00,119.23,133.3858
2025-01-07 22:00:00+01:00,115.74,105.49559
2025-01-07 23:00:00+01:00,98.17,108.72395
2025-01-08 00:00:00+01:00,95.09,95.129196
2025-01-08 01:00:00+01:00,85.85,92.519264
2025-01-08 02:00:00+01:00,76.19,88.4921
2025-01-08 03:00:00+01:00,65.57,88.53678
2025-01-08 04:00:00+01:00,76.05,85.33458
2025-01-08 05:00:00+01:00,90.65,94.770035
2025-01-08 06:00:00+01:00,125.9,108.35295
2025-01-08 07:00:00+01:00,146.94,133.85403
2025-01-08 08:00:00+01:00,146.5,140.5094
2025-01-08 09:00:00+01:00,132.86,129.93823
2025-01-08 10:00:00+01:00,125.28,121.241196
2025-01-08 11:00:00+01:00,118.5,116.13851
2025-01-08 12:00:00+01:00,118.51,114.466446
2025-01-08 13:00:00+01:00,125.02,116.78587
2025-01-08 14:00:00+01:00,132.07,122.896385
2025-01-08 15:00:00+01:00,144.01,128.96414
2025-01-08 16:00:00+01:00,160.54,141.43011
2025-01-08 17:00:00+01:00,167.74,152.78255
2025-01-08 18:00:00+01:00,160.28,149.86452
2025-01-08 19:00:00+01:00,150.16,141.08437
2025-01-08 20:00:00+01:00,146.84,129.86787
2025-01-08 21:00:00+01:00,132.7,125.85245
2025-01-08 22:00:00+01:00,125.83,113.77372
2025-01-08 23:00:00+01:00,118.1,113.647385
2025-01-09 00:00:00+01:00,111.13,107.83344
2025-01-09 01:00:00+01:00,97.01,104.120186
2025-01-09 02:00:00+01:00,104.2,95.98151
2025-01-09 03:00:00+01:00,97.28,108.72676
2025-01-09 04:00:00+01:00,104.45,106.485565
2025-01-09 05:00:00+01:00,111.46,115.918724
2025-01-09 06:00:00+01:00,126.1,122.52559
2025-01-09 07:00:00+01:00,146.73,132.66168
2025-01-09 08:00:00+01:00,157.59,142.54059
2025-01-09 09:00:00+01:00,151.17,140.8485
2025-01-09 10:00:00+01:00,143.61,135.11067
2025-01-09 11:00:00+01:00,138.83,129.83096
2025-01-09 12:00:00+01:00,133.76,125.208694
2025-01-09 13:00:00+01:00,132.91,128.9473
2025-01-09 14:00:00+01:00,132.97,129.01665
2025-01-09 15:00:00+01:00,146.0,132.70679
2025-01-09 16:00:00+01:00,153.88,141.16455
2025-01-09 17:00:00+01:00,152.08,147.31052
2025-01-09 18:00:00+01:00,149.95,141.54057
2025-01-09 19:00:00+01:00,148.0,136.52061
2025-01-09 20:00:00+01:00,139.26,130.93846
2025-01-09 21:00:00+01:00,132.26,121.40234
2025-01-09 22:00:00+01:00,114.78,114.604515
2025-01-09 23:00:00+01:00,100.94,104.60412
2025-01-10 00:00:00+01:00,74.03,97.710945
2025-01-10 01:00:00+01:00,69.14,80.25933
2025-01-10 02:00:00+01:00,61.51,80.68871
2025-01-10 03:00:00+01:00,55.79,79.33585
2025-01-10 04:00:00+01:00,62.66,77.72138
2025-01-10 05:00:00+01:00,83.07,85.96453
2025-01-10 06:00:00+01:00,124.41,101.54414
2025-01-10 07:00:00+01:00,139.92,130.90448
2025-01-10 08:00:00+01:00,146.59,135.67197
2025-01-10 09:00:00+01:00,138.92,132.40463
2025-01-10 10:00:00+01:00,125.84,123.53059
2025-01-10 11:00:00+01:00,118.52,112.558975
2025-01-10 12:00:00+01:00,112.19,111.048805
2025-01-10 13:00:00+01:00,115.63,108.03923
2025-01-10 14:00:00+01:00,122.01,113.964485
2025-01-10 15:00:00+01:00,132.22,123.06471
2025-01-10 16:00:00+01:00,146.28,130.88356
2025-01-10 17:00:00+01:00,153.77,142.21326
2025-01-10 18:00:00+01:00,153.58,139.98361
2025-01-10 19:00:00+01:00,146.89,135.74452
2025-01-10 20:00:00+01:00,139.8,128.01503
2025-01-10 21:00:00+01:00,125.86,121.07562
2025-01-10 22:00:00+01:00,118.62,109.9448
2025-01-10 23:00:00+01:00,111.46,107.220566
2025-01-11 00:00:00+01:00,106.01,102.678246
2025-01-11 01:00:00+01:00,104.22,98.4584
2025-01-11 02:00:00+01:00,97.84,100.356316
2025-01-11 03:00:00+01:00,90.92,100.786674
2025-01-11 04:00:00+01:00,90.88,100.27642
2025-01-11 05:00:00+01:00,97.47,105.386635
2025-01-11 06:00:00+01:00,111.02,111.5862
2025-01-11 07:00:00+01:00,118.94,122.137665
2025-01-11 08:00:00+01:00,119.19,123.28953
2025-01-11 09:00:00+01:00,118.76,116.46146
2025-01-11 10:00:00+01:00,105.0,115.2827
2025-01-11 11:00:00+01:00,100.08,100.8014
2025-01-11 12:00:00+01:00,97.82,101.52384
2025-01-11 13:00:00+01:00,101.02,102.16842
2025-01-11 14:00:00+01:00,105.11,107.923386
2025-01-11 15:00:00+01:00,118.96,115.909065
2025-01-11 16:00:00+01:00,138.3,127.670166
2025-01-11 17:00:00+01:00,144.56,140.58043
2025-01-11 18:00:00+01:00,146.0,137.47435
2025-01-11 19:00:00+01:00,144.55,133.64783
2025-01-11 20:00:00+01:00,132.88,126.43432
2025-01-11 21:00:00+01:00,125.01,114.47399
2025-01-11 22:00:00+01:00,119.01,109.45354
2025-01-11 23:00:00+01:00,111.69,105.33731
2025-01-12 00:00:00+01:00,97.98,102.38303
2025-01-12 01:00:00+01:00,93.31,91.22443
2025-01-12 02:00:00+01:00,90.58,91.90115
2025-01-12 03:00:00+01:00,86.02,92.98409
2025-01-12 04:00:00+01:00,83.89,93.54876
2025-01-12 05:00:00+01:00,84.02,96.69699
2025-01-12 06:00:00+01:00,91.07,98.36006
2025-01-12 07:00:00+01:00,104.01,106.82813
2025-01-12 08:00:00+01:00,113.3,112.919716
2025-01-12 09:00:00+01:00,115.77,111.22671
2025-01-12 10:00:00+01:00,111.85,112.47558
2025-01-12 11:00:00+01:00,108.24,108.75865
2025-01-12 12:00:00+01:00,106.2,104.788025
2025-01-12 13:00:00+01:00,104.72,107.968925
2025-01-12 14:00:00+01:00,111.53,110.10219
2025-01-12 15:00:00+01:00,119.5,122.23611
2025-01-12 16:00:00+01:00,135.18,128.35182
2025-01-12 17:00:00+01:00,146.57,140.17937
2025-01-12 18:00:00+01:00,146.63,141.25697
2025-01-12 19:00:00+01:00,146.17,135.27171
2025-01-12 20:00:00+01:00,139.7,130.94849
2025-01-12 21:00:00+01:00,132.61,121.90082
2025-01-12 22:00:00+01:00,125.83,114.583786
2025-01-12 23:00:00+01:00,118.33,109.86385
2025-01-13 00:00:00+01:00,111.2,106.798195
2025-01-13 01:00:00+01:00,104.66,104.1683
2025-01-13 02:00:00+01:00,104.55,100.25256
2025-01-13 03:00:00+01:00,97.99,107.20146
2025-01-13 04:00:00+01:00,104.05,106.567245
2025-01-13 05:00:00+01:00,118.33,117.26793
2025-01-13 06:00:00+01:00,139.95,128.44029
2025-01-13 07:00:00+01:00,174.92,141.68369
2025-01-13 08:00:00+01:00,193.05,157.31924
2025-01-13 09:00:00+01:00,174.15,161.20348
2025-01-13 10:00:00+01:00,146.7,149.29585
2025-01-13 11:00:00+01:00,134.01,131.92114
2025-01-13 12:00:00+01:00,125.01,128.91678
2025-01-13 13:00:00+01:00,124.01,123.55415
2025-01-13 14:00:00+01:00,125.82,125.32584
2025-01-13 15:00:00+01:00,139.35,131.3142
2025-01-13 16:00:00+01:00,153.47,142.23186
2025-01-13 17:00:00+01:00,167.72,152.04422
2025-01-13 18:00:00+01:00,167.73,153.75499
2025-01-13 19:00:00+01:00,160.89,149.3915
2025-01-13 20:00:00+01:00,146.32,140.86795
2025-01-13 21:00:00+01:00,131.03,128.16573
2025-01-13 22:00:00+01:00,123.03,118.250404
2025-01-13 23:00:00+01:00,114.09,114.39419
2025-01-14 00:00:00+01:00,116.26,108.59441
2025-01-14 01:00:00+01:00,104.75,109.62585
